eval/mean_reward,time/total_timesteps,eval/mean_ep_length,rollout/ep_rew_mean,time/iterations,rollout/ep_len_mean,time/time_elapsed,time/fps,train/n_updates,train/explained_variance,train/policy_gradient_loss,train/clip_range,train/clip_fraction,train/value_loss,train/approx_kl,train/entropy_loss,train/learning_rate,train/loss,train/std
397.8660742648652,113000,252.8,,,,,,,,,,,,,,,,
442.97724264281203,114000,279.6,,,,,,,,,,,,,,,,
,114048,,302.55029640999993,1,252.19,71,28,,,,,,,,,,,
496.9778862866988,115000,373.0,,,,,,550,0.8649060428142548,0.005804203939624131,0.2,0.494482421875,18.462540117278696,0.13211955,-2.78394847586751,0.0003,1.8844108581542969,0.9832020998001099
595.2744872158925,116000,383.0,,,,,,,,,,,,,,,,
,116096,,304.24485675999995,2,252.96,157,26,,,,,,,,,,,
355.32064187771977,117000,277.2,,,,,,560,0.8143472820520401,-0.003989371983334422,0.2,0.46806640625,42.13953139781952,0.07953055,-2.792970299720764,0.0003,5.52107048034668,0.9763597249984741
478.45180381763055,118000,363.2,,,,,,,,,,,,,,,,
,118144,,301.54408155,3,254.53,235,26,,,,,,,,,,,
468.83265213349443,119000,296.6,,,,,,570,0.8635578155517578,0.0010330084769520909,0.2,0.49091796875,27.135310861468316,0.06471541,-2.78979956433177,0.0003,2.388169765472412,0.9804879426956177
375.88512215774244,120000,220.8,,,,,,,,,,,,,,,,
,120192,,302.76853184,4,252.13,308,26,,,,,,,,,,,
332.4514533227193,121000,166.8,,,,,,580,0.8127239793539047,-0.0025344353372929616,0.2,0.48798828125,34.922511383891106,0.08253288,-2.8008811973035335,0.0003,4.370110034942627,0.9850764274597168
438.39829464365687,122000,221.4,,,,,,,,,,,,,,,,
,122240,,310.35909965,5,252.49,374,27,,,,,,,,,,,
425.0518444448513,123000,218.4,,,,,,590,0.8920728787779808,0.02156207127845846,0.2,0.547021484375,28.974551169574262,0.28745726,-2.8091241173446178,0.0003,2.320735454559326,0.991965651512146
404.19178431842954,124000,191.8,,,,,,,,,,,,,,,,
,124288,,303.82220996,6,237.39,445,27,,,,,,,,,,,
336.628996505047,125000,168.0,,,,,,600,0.9052426144480705,0.014253038421156817,0.2,0.5046875,42.061660489439966,0.099079296,-2.8244665652513503,0.0003,8.477676391601562,0.9953900575637817
332.3783132981829,126000,165.6,,,,,,,,,,,,,,,,
,126336,,321.95480110000005,7,235.63,513,27,,,,,,,,,,,
311.4736365286728,127000,144.4,,,,,,610,0.9190990775823593,0.0005146820622030646,0.2,0.474951171875,27.444700334966182,0.07904003,-2.835511350631714,0.0003,3.5405144691467285,1.0015437602996826
330.1190594256215,128000,154.0,,,,,,,,,,,,,,,,
,128384,,333.71377307,8,227.73,580,28,,,,,,,,,,,
288.48379154824363,129000,135.6,,,,,,620,0.8852941021323204,0.01727161911840085,0.2,0.521044921875,70.4796146273613,0.088355884,-2.848018753528595,0.0003,7.729017734527588,1.0091294050216675
313.74116784974393,130000,145.4,,,,,,,,,,,,,,,,
,130432,,345.40134469000003,9,223.43,644,28,,,,,,,,,,,
377.40874981697925,131000,166.8,,,,,,630,0.8950703665614128,0.012900230544619262,0.2,0.548828125,37.98947827070951,0.21249314,-2.860366249829531,0.0003,5.609382152557373,1.016398549079895
476.40956041335886,132000,215.0,,,,,,,,,,,,,,,,
,132480,,344.7827391699999,10,214.35,714,28,,,,,,,,,,,
304.53834842523065,133000,139.4,,,,,,640,0.9167709499597549,0.010035552334738896,0.2,0.510888671875,52.268590721487996,0.20881084,-2.8682784743607046,0.0003,7.640565395355225,1.0161092281341553
295.1197750068168,134000,135.4,,,,,,,,,,,,,,,,
,134528,,342.8472190499999,11,200.89,781,28,,,,,,,,,,,
453.15237711846567,135000,197.0,,,,,,650,0.8093847185373306,0.008003403275506572,0.2,0.518017578125,91.13456613123417,0.09750866,-2.866076348721981,0.0003,13.019232749938965,1.0108741521835327
431.2255570137495,136000,193.2,,,,,,,,,,,,,,,,
,136576,,343.73919134000005,12,188.66,852,28,,,,,,,,,,,
411.7398248940801,137000,178.2,,,,,,660,0.8249096721410751,-0.001124346544384025,0.2,0.5341796875,69.93307499438524,0.13155054,-2.8599053606390954,0.0003,8.04942798614502,1.0112221240997314
414.4020653677959,138000,181.2,,,,,,,,,,,,,,,,
,138624,,348.4556213199999,13,184.77,918,28,,,,,,,,,,,
555.1951332454046,139000,297.6,,,,,,670,0.7503712624311447,0.029626728684525004,0.2,0.58583984375,87.71011299937963,0.13398492,-2.8717173404991625,0.0003,3.181544303894043,1.0250589847564697
448.8499069690799,140000,240.2,,,,,,,,,,,,,,,,
,140672,,350.92141828,14,183.14,992,28,,,,,,,,,,,
758.0453598430046,141000,349.4,,,,,,680,0.8811957985162735,0.04309721263416577,0.2,0.617626953125,58.54040936231613,0.24758789,-2.8879376210272314,0.0003,3.17101788520813,1.0292179584503174
435.9406710463081,142000,195.6,,,,,,,,,,,,,,,,
,142720,,363.47653575,15,186.69,1069,28,,,,,,,,,,,
661.4223877782919,143000,301.0,,,,,,690,0.9091544598340988,0.010284798193606549,0.2,0.53583984375,41.25603619366884,0.09869131,-2.9062507800757884,0.0003,5.62963342666626,1.0430930852890015
553.9698407387281,144000,240.2,,,,,,,,,,,,,,,,
,144768,,375.65515217,16,191.85,1142,28,,,,,,,,,,,
403.11900318048794,145000,171.2,,,,,,700,0.8838344439864159,0.02674759763176553,0.2,0.5919921875,53.76380523145199,0.23606385,-2.918256114423275,0.0003,5.7489166259765625,1.0378077030181885
397.59343835841867,146000,169.8,,,,,,,,,,,,,,,,
,146816,,390.37626876,17,196.79,1208,28,,,,,,,,,,,
424.39928206896946,147000,179.2,,,,,,710,0.807611882686615,0.01988268269051332,0.2,0.58056640625,116.61325451433659,0.17349951,-2.911108134686947,0.0003,17.534696578979492,1.0412198305130005
434.8220926512666,148000,189.8,,,,,,,,,,,,,,,,
,148864,,397.68766968999995,18,198.41,1277,28,,,,,,,,,,,
387.07627902188614,149000,166.2,,,,,,720,0.8270527273416519,0.011554118923959323,0.2,0.576904296875,76.83386442512274,0.1463329,-2.930815353989601,0.0003,4.229289531707764,1.0571955442428589
346.49336546688573,150000,149.8,,,,,,,,,,,,,,,,
,150912,,392.23713389999995,19,193.49,1345,28,,,,,,,,,,,
310.43248829753577,151000,137.6,,,,,,730,0.7778760194778442,0.016921064438065514,0.2,0.5599609375,130.00437366664409,0.16750161,-2.9538567401468754,0.0003,16.9856014251709,1.0622481107711792
346.38810140621865,152000,150.8,,,,,,,,,,,,,,,,
,152960,,405.03852644000006,20,197.0,1409,29,,,,,,,,,,,
62.72258659853105,153000,52.0,,,,,,740,0.7576431035995483,0.16510308338620233,0.2,0.804443359375,111.36075032651425,13.070326,-2.9641066655516624,0.0003,23.760513305664062,1.0711133480072021
60.543627506454506,154000,49.8,,,,,,,,,,,,,,,,
81.11023549200908,155000,58.4,,,,,,,,,,,,,,,,
,155008,,293.01217345000003,21,148.22,1506,28,,,,,,,,,,,
95.42975097072558,156000,63.6,,,,,,750,0.5912200808525085,0.0855039202302578,0.2,0.673583984375,202.0370415508747,0.17186143,-2.992270216345787,0.0003,53.53314971923828,1.0961365699768066
75.00496647424298,157000,56.2,,,,,,,,,,,,,,,,
,157056,,175.56423423000004,22,96.07,1588,28,,,,,,,,,,,
1.6452555953110277,158000,161.0,,,,,,760,0.43742889165878296,0.3080168658751063,0.2,0.965283203125,243.87677245140077,35.832527,-3.032831893116236,0.0003,40.112998962402344,1.1059132814407349
1.7343946501714527,159000,161.0,,,,,,,,,,,,,,,,
,159104,,130.73520158,23,94.72,1656,28,,,,,,,,,,,
-48.25127607842951,160000,108.2,,,,,,770,0.044488728046417236,0.06386634259833954,0.2,0.597998046875,170.74223133325577,0.29027474,-3.0511761642992496,0.0003,56.61567687988281,1.1213319301605225
-48.15165854246588,161000,113.0,,,,,,,,,,,,,,,,
,161152,,81.03818843,24,92.87,1718,28,,,,,,,,,,,
-4.951587884550827,162000,160.8,,,,,,780,0.2120903730392456,0.02379629155038856,0.2,0.459033203125,111.4819266796112,0.053807937,-3.072078735381365,0.0003,50.487483978271484,1.1307072639465332
-3.452326127080596,163000,161.0,,,,,,,,,,,,,,,,
,163200,,46.43657659,25,98.36,1787,28,,,,,,,,,,,
0.7055130478809588,164000,161.0,,,,,,790,0.3367490768432617,0.01797393950109836,0.2,0.472314453125,43.50446683466434,0.07567833,-3.1041547849774362,0.0003,13.823455810546875,1.151208519935608
0.12538629175542154,165000,161.0,,,,,,,,,,,,,,,,
,165248,,36.974771389999994,26,111.76,1854,28,,,,,,,,,,,
4.126749547381769,166000,160.0,,,,,,800,0.4450634717941284,0.003405206592287868,0.2,0.40361328125,22.095990221202374,0.06252874,-3.1361754849553107,0.0003,5.675710678100586,1.1684508323669434
4.6565763124111985,167000,161.0,,,,,,,,,,,,,,,,
,167296,,27.9924541,27,125.01,1921,28,,,,,,,,,,,
-8.190241655219143,168000,161.2,,,,,,810,0.35128122568130493,0.00019364304607734085,0.2,0.38759765625,14.510481113940477,0.0788106,-3.1378350161015987,0.0003,3.2122128009796143,1.156080722808838
-9.286790749103238,169000,161.0,,,,,,,,,,,,,,,,
,169344,,13.59067199,28,138.2,1990,28,,,,,,,,,,,
-0.4262801086202671,170000,161.0,,,,,,820,0.4823078513145447,-0.010807614128862043,0.2,0.36435546875,11.764400365203619,0.043118708,-3.1345526963472365,0.0003,3.5687053203582764,1.1705422401428223
-0.5076406052663515,171000,161.0,,,,,,,,,,,,,,,,
,171392,,4.452314100000001,29,151.2,2058,28,,,,,,,,,,,
-3.6463844420424723,172000,161.0,,,,,,830,0.6442323327064514,-0.011692044026858639,0.2,0.374853515625,4.697437918931246,0.1745576,-3.1704600617289542,0.0003,1.2375783920288086,1.1818079948425293
-5.20866625417184,173000,161.0,,,,,,,,,,,,,,,,
,173440,,-7.75348091,30,163.48,2126,28,,,,,,,,,,,
-2.20544497407609,174000,161.0,,,,,,840,0.7331138253211975,-0.022052181177423337,0.2,0.39677734375,4.53996652327478,0.05485683,-3.1664321191608904,0.0003,2.541656732559204,1.1668742895126343
-2.7421243894328655,175000,161.0,,,,,,,,,,,,,,,,
,175488,,-8.235858630000001,31,165.16,2194,28,,,,,,,,,,,
-1.994735311534896,176000,161.0,,,,,,850,0.6288031041622162,-0.00835756512824446,0.2,0.431494140625,3.756950230151415,0.06758072,-3.1574349403381348,0.0003,0.6366066336631775,1.1679514646530151
-3.0781755635005537,177000,161.0,,,,,,,,,,,,,,,,
,177536,,-6.99147089,32,163.32,2263,28,,,,,,,,,,,
-3.6619330688314222,178000,161.0,,,,,,860,0.6063573062419891,-0.02141126311616972,0.2,0.398828125,2.6931787490844727,0.07527284,-3.1366488210856915,0.0003,0.4509935677051544,1.1481188535690308
-2.869792210138985,179000,161.0,,,,,,,,,,,,,,,,
,179584,,-6.13031441,33,163.23,2330,28,,,,,,,,,,,
-2.9759129012949415,180000,160.8,,,,,,870,0.5978953540325165,-0.03312797873513773,0.2,0.38974609375,1.7239282705821097,0.067494184,-3.108040560781956,0.0003,0.3625493347644806,1.1306097507476807
-2.099824380112841,181000,161.0,,,,,,,,,,,,,,,,
,181632,,-6.10549129,34,163.22,2398,29,,,,,,,,,,,
0.2297627689804358,182000,161.0,,,,,,880,0.6991136372089386,-0.03119313821371179,0.2,0.4220703125,1.8315537405200302,0.08224413,-3.072626129537821,0.0003,0.5105012655258179,1.110886573791504
0.25479205029987495,183000,161.0,,,,,,,,,,,,,,,,
,183680,,-6.059111240000001,35,163.47,2466,29,,,,,,,,,,,
-1.3718730835607857,184000,161.0,,,,,,890,0.6993260383605957,-0.042864827415905894,0.2,0.421533203125,1.1905837490223348,0.10635159,-3.034585923701525,0.0003,0.1953354924917221,1.0890297889709473
-0.5238746541021101,185000,161.0,,,,,,,,,,,,,,,,
,185728,,-4.601280900000001,36,163.21,2533,29,,,,,,,,,,,
-0.5570269682029902,186000,161.0,,,,,,900,0.7427854537963867,-0.043629046238493174,0.2,0.441162109375,0.8735132111236453,0.10123292,-2.9738752797245978,0.0003,0.054748907685279846,1.0496448278427124
1.5943473369421555,187000,161.0,,,,,,,,,,,,,,,,
,187776,,-4.6138423799999995,37,164.83,2601,29,,,,,,,,,,,
-1.1388903216990003,188000,161.0,,,,,,910,0.6402014195919037,-0.04427185566164553,0.2,0.409716796875,1.2144583515357226,0.08931763,-2.920451392233372,0.0003,0.15009723603725433,1.0279591083526611
-0.9308600014526747,189000,161.0,,,,,,,,,,,,,,,,
,189824,,-4.63924427,38,164.83,2670,29,,,,,,,,,,,
-2.5861266189298475,190000,161.0,,,,,,920,0.6103250682353973,-0.05109797003678977,0.2,0.452392578125,1.0550055219326169,0.13333926,-2.8746300719678404,0.0003,0.05976641923189163,0.9994049072265625
-6.4431995023835045,191000,161.0,,,,,,,,,,,,,,,,
,191872,,-4.609458559999999,39,163.23,2738,29,,,,,,,,,,,
-4.851855884475663,192000,160.8,,,,,,930,0.78268201649189,-0.04467796332319267,0.2,0.458935546875,0.9079694781452418,0.11049512,-2.815455373376608,0.0003,0.02160385251045227,0.9709713459014893
-7.112441693420988,193000,161.0,,,,,,,,,,,,,,,,
,193920,,-4.48538818,40,164.82,2805,29,,,,,,,,,,,
-2.8297229228073775,194000,161.0,,,,,,940,0.5832755863666534,-0.039147382439114156,0.2,0.4888671875,1.4736153383739292,0.16316877,-2.7679984785616396,0.0003,0.07111505419015884,0.9530566930770874
-3.8424464335701485,195000,161.0,,,,,,,,,,,,,,,,
,195968,,-4.75508099,41,164.81,2874,29,,,,,,,,,,,
-3.332358232251136,196000,161.2,,,,,,950,0.6654931604862213,-0.053091588566894644,0.2,0.506982421875,0.8420213370583951,0.17253295,-2.7310914851725103,0.0003,0.09396251291036606,0.9299566745758057
-4.547517123203579,197000,161.0,,,,,,,,,,,,,,,,
-1.9882315277041926,198000,161.0,,,,,,,,,,,,,,,,
,198016,,-4.364167939999999,42,163.36,2958,29,,,,,,,,,,,
-1.821795561120234,199000,161.0,,,,,,960,0.7537680715322495,-0.04639047962555196,0.2,0.5123046875,0.8261779509019107,0.12933356,-2.7008160457015036,0.0003,0.0031632333993911743,0.9268778562545776
-2.8372006225232327,200000,161.0,,,,,,,,,,,,,,,,
,200064,,-4.3079908499999995,43,162.85,3026,29,,,,,,,,,,,
0.25080376366022394,201000,161.0,,,,,,970,0.6499066948890686,-0.05614036228507757,0.2,0.522998046875,0.8985157363582402,0.17969403,-2.6634289547801018,0.0003,-0.024088889360427856,0.8950352668762207
-0.3576134418915899,202000,161.0,,,,,,,,,,,,,,,,
,202112,,-4.804580819999999,44,162.37,3093,29,,,,,,,,,,,
-0.7711477619777725,203000,161.0,,,,,,980,0.7035031318664551,-0.048163875471800566,0.2,0.51923828125,0.7865301792044193,0.15650696,-2.6109359614551066,0.0003,-0.0015929043292999268,0.8813163042068481
-0.761344284027291,204000,161.0,,,,,,,,,,,,,,,,
,204160,,-4.65524484,45,161.9,3161,29,,,,,,,,,,,
-2.412513446705998,205000,161.0,,,,,,990,0.7459149956703186,-0.056392450706334786,0.2,0.543603515625,0.6538777509937063,0.19825771,-2.5659428633749486,0.0003,0.039068803191185,0.8554688692092896
1.1939483327936613,206000,161.2,,,,,,,,,,,,,,,,
,206208,,-4.14531879,46,163.36,3229,29,,,,,,,,,,,
-0.7276712146951467,207000,161.0,,,,,,1000,0.6947177052497864,-0.059184727558749727,0.2,0.560400390625,0.8668713999446481,0.23769122,-2.5053746782243254,0.0003,0.09229156374931335,0.828384280204773
-4.5735523268129326,208000,161.0,,,,,,,,,,,,,,,,
,208256,,-4.04894666,47,163.55,3297,29,,,,,,,,,,,
-0.5573741042899201,209000,161.0,,,,,,1010,0.6940646171569824,-0.05024431150523014,0.2,0.566357421875,0.7863544339779764,0.22233841,-2.454598952829838,0.0003,0.03567016124725342,0.8109193444252014
-0.8075733679019322,210000,161.0,,,,,,,,,,,,,,,,
,210304,,-4.196057559999999,48,163.56,3364,29,,,,,,,,,,,
-1.8774643345619553,211000,161.0,,,,,,1020,0.6600923538208008,-0.05420773691439536,0.2,0.575830078125,1.095589543832466,0.30715263,-2.3955614805221557,0.0003,0.027170635759830475,0.7830593585968018
-1.3035160514424207,212000,161.0,,,,,,,,,,,,,,,,
,212352,,-4.9117057299999995,49,164.24,3432,29,,,,,,,,,,,
-4.161257874636067,213000,161.0,,,,,,1030,0.4115599989891052,-0.0321874690707773,0.2,0.559033203125,2.4572222853079437,0.2988632,-2.338579448312521,0.0003,0.17414724826812744,0.7695646286010742
0.7244107219965372,214000,160.6,,,,,,,,,,,,,,,,
,214400,,-5.06082198,50,165.14,3500,29,,,,,,,,,,,
-2.598026013711933,215000,161.0,,,,,,1040,0.7155921757221222,-0.039431787037756294,0.2,0.58994140625,1.095562528539449,0.3256196,-2.3032064959406853,0.0003,0.10659012198448181,0.7493829727172852
-10.908928207948339,216000,161.0,,,,,,,,,,,,,,,,
,216448,,-5.10108394,51,166.78,3568,29,,,,,,,,,,,
-4.345108448615792,217000,161.0,,,,,,1050,0.5920380055904388,-0.03138890934642404,0.2,0.622412109375,1.2985571546014398,0.24137205,-2.2642884075641634,0.0003,0.046627476811409,0.7427372932434082
-0.690119647038955,218000,160.6,,,,,,,,,,,,,,,,
,218496,,-5.61674923,52,168.39,3635,29,,,,,,,,,,,
-2.2057958297766165,219000,161.0,,,,,,1060,0.5304499566555023,-0.029250629985472187,0.2,0.619482421875,2.0329371999949215,0.39667678,-2.230718260258436,0.0003,0.06766346842050552,0.7286555767059326
-2.912852669502172,220000,161.0,,,,,,,,,,,,,,,,
,220544,,-5.675018399999998,53,166.77,3703,29,,,,,,,,,,,
-1.4515206070020212,221000,161.0,,,,,,1070,0.5084870755672455,-0.03167242986673955,0.2,0.63837890625,2.3664495516568422,0.332277,-2.1963022738695144,0.0003,0.20829054713249207,0.7163206338882446
-1.5628438031344558,222000,160.2,,,,,,,,,,,,,,,,
,222592,,-5.980049079999999,54,166.77,3771,29,,,,,,,,,,,
-2.4927751345167053,223000,160.4,,,,,,1080,0.7447468936443329,-0.041073285954189485,0.2,0.612890625,1.0394866629969328,0.29090363,-2.155126562714577,0.0003,-0.012184388935565948,0.6954843997955322
-5.3334797794159385,224000,161.0,,,,,,,,,,,,,,,,
,224640,,-6.153314270000001,55,166.78,3839,29,,,,,,,,,,,
-4.93054027406688,225000,161.0,,,,,,1090,0.6472881436347961,-0.039491516264388335,0.2,0.632177734375,0.705873973830603,0.36536825,-2.0805793039500715,0.0003,0.09013964980840683,0.6623225808143616
-1.7785370441852137,226000,161.0,,,,,,,,,,,,,,,,
,226688,,-6.024913969999997,56,166.77,3907,29,,,,,,,,,,,
-0.18257230301751406,227000,160.2,,,,,,1100,0.6244937181472778,-0.039123719983035696,0.2,0.656884765625,0.9520703290589154,0.38537225,-2.00053502433002,0.0003,0.030153438448905945,0.6449054479598999
0.8312524016888346,228000,159.6,,,,,,,,,,,,,,,,
,228736,,-6.412302920000001,57,166.75,3974,29,,,,,,,,,,,
4.9397037903640015,229000,160.8,,,,,,1110,0.7249144911766052,-0.04987193294800818,0.2,0.650048828125,1.2565152456518263,0.53921473,-1.9497997935861349,0.0003,0.023773588240146637,0.6306397318840027
-1.87926163700904,230000,160.0,,,,,,,,,,,,,,,,
,230784,,-4.845547229999999,58,166.78,4042,29,,,,,,,,,,,
-6.271158651153383,231000,160.4,,,,,,1120,0.6855317652225494,-0.032647833175724374,0.2,0.66748046875,1.1653055283008142,0.3938609,-1.892085487395525,0.0003,0.017901122570037842,0.6084779500961304
0.3170666638048715,232000,159.8,,,,,,,,,,,,,,,,
,232832,,-4.6798052000000006,59,166.4,4111,29,,,,,,,,,,,
0.308676255759201,233000,160.0,,,,,,1130,0.5822831988334656,-0.04417421657999512,0.2,0.668603515625,1.2211319512454792,0.558332,-1.82341503277421,0.0003,0.004965916275978088,0.5863938331604004
3.4315127794921865,234000,160.8,,,,,,,,,,,,,,,,
,234880,,-4.088956130000001,60,163.21,4179,29,,,,,,,,,,,
-0.8134810021445447,235000,161.0,,,,,,1140,0.5124614238739014,-0.032726425293367355,0.2,0.67275390625,1.543294684914872,0.7422106,-1.7522695209830998,0.0003,0.009545132517814636,0.5676673054695129
4.246580766914121,236000,159.6,,,,,,,,,,,,,,,,
,236928,,-4.58559286,61,164.83,4247,29,,,,,,,,,,,
5.0896043351756814,237000,160.4,,,,,,1150,0.6114986538887024,-0.04353837946546264,0.2,0.6548828125,1.8307527001947164,0.5498752,-1.6854591935873031,0.0003,0.02426624298095703,0.5502194166183472
-3.169656814906193,238000,159.8,,,,,,,,,,,,,,,,
,238976,,-4.47498173,62,164.83,4315,29,,,,,,,,,,,
6.664252055393445,239000,160.0,,,,,,1160,0.6871412992477417,-0.04718626789690461,0.2,0.683740234375,1.1394295985810459,0.5473718,-1.631812185049057,0.0003,0.01503317803144455,0.5350546836853027
4.8185794663702834,240000,159.8,,,,,,,,,,,,,,,,
1.3043989836296532,241000,160.2,,,,,,,,,,,,,,,,
,241024,,-3.86736926,63,163.25,4399,29,,,,,,,,,,,
4.74814852084819,242000,160.4,,,,,,1170,0.629267156124115,-0.028006739969714544,0.2,0.6984375,0.8765337652992458,0.5888824,-1.5760785009711982,0.0003,0.05082997679710388,0.5225643515586853
4.36050623814881,243000,160.0,,,,,,,,,,,,,,,,
,243072,,-3.8827518399999996,64,162.77,4468,29,,,,,,,,,,,
2.2453170004780985,244000,161.0,,,,,,1180,0.6258463859558105,-0.041114685247885065,0.2,0.71630859375,0.7928304299479351,0.7150407,-1.5210743941366673,0.0003,-0.011536665260791779,0.503420352935791
4.085964964812592,245000,160.0,,,,,,,,,,,,,,,,
,245120,,-2.96465192,65,162.29,4536,29,,,,,,,,,,,
6.365336827829742,246000,159.4,,,,,,1190,0.7295042872428894,-0.04143925465468783,0.2,0.678173828125,0.9638687267201022,0.6669996,-1.4499911546707154,0.0003,0.0022775456309318542,0.49032485485076904
4.363291669102909,247000,159.4,,,,,,,,,,,,,,,,
,247168,,-2.5899327200000006,66,162.15,4604,29,,,,,,,,,,,
2.202950831832277,248000,160.4,,,,,,1200,0.6325697600841522,-0.050496123201446606,0.2,0.701513671875,1.0741390110226348,0.84415364,-1.386520505696535,0.0003,-0.03072357177734375,0.47212010622024536
0.3947675627488934,249000,159.8,,,,,,,,,,,,,,,,
,249216,,-2.46085418,67,161.67,4673,29,,,,,,,,,,,
5.433393995420192,250000,159.4,,,,,,1210,0.6420319676399231,-0.04598243606451433,0.2,0.696875,0.8082932207267731,0.7641579,-1.30413518846035,0.0003,-0.04514958709478378,0.45120102167129517
6.342191454894783,251000,159.4,,,,,,,,,,,,,,,,
,251264,,-1.6382050000000004,68,162.8,4740,29,,,,,,,,,,,
0.49445145999270607,252000,160.6,,,,,,1220,0.6142527759075165,-0.033667724500992334,0.2,0.704736328125,0.9611221625702455,0.70649654,-1.2344769544899463,0.0003,0.005053006112575531,0.44022336602211
5.589013868686743,253000,159.8,,,,,,,,,,,,,,,,
,253312,,-0.1218056700000001,69,162.32,4808,29,,,,,,,,,,,
-0.6178505250711168,254000,160.8,,,,,,1230,0.6579405069351196,-0.03215475633915048,0.2,0.730322265625,0.8668287032051012,0.7518268,-1.1662592865526675,0.0003,-0.007101781666278839,0.4225463271141052
3.112051466640696,255000,159.4,,,,,,,,,,,,,,,,
,255360,,0.5312264400000001,70,163.45,4876,29,,,,,,,,,,,
1.763935152315753,256000,160.4,,,,,,1240,0.6209115982055664,-0.039757723637740126,0.2,0.728955078125,0.8605758587014861,0.9946638,-1.1029581762850285,0.0003,0.06815363466739655,0.40981507301330566
-0.07399101957780659,257000,161.0,,,,,,,,,,,,,,,,
,257408,,0.58539091,71,163.56,4944,29,,,,,,,,,,,
-1.2150314289458037,258000,160.6,,,,,,1250,0.6806235015392303,-0.04073324800701812,0.2,0.71572265625,0.8055203450261615,1.0083103,-1.0286228900775314,0.0003,-0.06456983089447021,0.39321088790893555
-1.2346727387317515,259000,161.0,,,,,,,,,,,,,,,,
,259456,,0.9287640499999997,72,165.17,5011,29,,,,,,,,,,,
2.3282734782049372,260000,160.2,,,,,,1260,0.6699258685112,-0.045378328702645375,0.2,0.708544921875,0.9342890289379284,0.7603595,-0.9516818260774016,0.0003,0.013530291616916656,0.3805356025695801
0.1627567252224253,261000,160.4,,,,,,,,,,,,,,,,
,261504,,1.1323085700000002,73,165.11,5080,29,,,,,,,,,,,
2.3578107729896147,262000,160.4,,,,,,1270,0.6925317049026489,-0.029337432741886004,0.2,0.7578125,0.5984080881811679,1.0366642,-0.887323428876698,0.0003,-0.07670444250106812,0.36851465702056885
5.716452480453881,263000,160.4,,,,,,,,,,,,,,,,
,263552,,1.5208837800000001,74,163.22,5148,29,,,,,,,,,,,
4.8931409865843305,264000,160.0,,,,,,1280,0.779709979891777,-0.02824432547786273,0.2,0.7537109375,0.5216596214333549,1.0470383,-0.8260744923725725,0.0003,-0.06151387095451355,0.35798579454421997
3.3598603430022194,265000,160.4,,,,,,,,,,,,,,,,
,265600,,1.99135333,75,165.14,5216,29,,,,,,,,,,,
3.0657708019309213,266000,160.0,,,,,,1290,0.7482092678546906,-0.02819094886363018,0.2,0.740283203125,0.5603094174526632,1.2882075,-0.7631738426163792,0.0003,-0.004317864775657654,0.3471546173095703
3.4126441481435905,267000,159.8,,,,,,,,,,,,,,,,
,267648,,1.9250704700000003,76,164.79,5285,29,,,,,,,,,,,
-0.7542949598748236,268000,161.0,,,,,,1300,0.7598277181386948,-0.03458815344783943,0.2,0.7416015625,0.6266446532681584,1.008898,-0.7032099280506372,0.0003,0.05116957798600197,0.3350655138492584
-0.8709751311514993,269000,160.6,,,,,,,,,,,,,,,,
,269696,,1.69529744,77,163.29,5354,29,,,,,,,,,,,
-1.7510125080967556,270000,161.0,,,,,,1310,0.7002890110015869,-0.02234948144759983,0.2,0.751025390625,0.599525076430291,1.1846023,-0.6429196670651436,0.0003,-0.012005239725112915,0.32662200927734375
-3.148076703208062,271000,160.4,,,,,,,,,,,,,,,,
,271744,,1.31036338,78,163.22,5421,29,,,,,,,,,,,
5.643184562769602,272000,160.6,,,,,,1320,0.6757567822933197,-0.02927455998433288,0.2,0.730126953125,0.6983968897606246,1.5298647,-0.5748000130057335,0.0003,-0.061311274766922,0.3134090006351471
1.8415835158339178,273000,160.4,,,,,,,,,,,,,,,,
,273792,,1.76959092,79,163.22,5489,29,,,,,,,,,,,
3.114985811769293,274000,160.2,,,,,,1330,0.753519669175148,-0.017739702673861758,0.2,0.767431640625,0.5735216497792862,1.05228,-0.5170854207128286,0.0003,-0.03010992333292961,0.30759260058403015
5.308507445972646,275000,161.0,,,,,,,,,,,,,,,,
,275840,,2.2755007800000002,80,163.46,5557,29,,,,,,,,,,,
-0.6196575025358471,276000,160.6,,,,,,1340,0.8121782094240189,-0.03668170167366043,0.2,0.75830078125,0.38547623495105654,1.1803154,-0.45875413082540034,0.0003,-0.014108184725046158,0.29716020822525024
-0.935947989125998,277000,161.0,,,,,,,,,,,,,,,,
,277888,,2.0526158999999997,81,163.27,5625,29,,,,,,,,,,,
0.2031203243022901,278000,161.0,,,,,,1350,0.8079379796981812,-0.028147187040303834,0.2,0.749267578125,0.37288318768842144,1.1694138,-0.3916012182831764,0.0003,0.010025935247540474,0.2883790135383606
14.154440841748146,279000,165.6,,,,,,,,,,,,,,,,
,279936,,1.6930887,82,164.81,5693,29,,,,,,,,,,,
-1.1214882726642827,280000,161.0,,,,,,1360,0.8226752877235413,-0.03541158005245961,0.2,0.756103515625,0.49375836313702165,1.1752661,-0.34215604662895205,0.0003,-0.02699177712202072,0.28112682700157166
2.437581232624507,281000,160.6,,,,,,,,,,,,,,,,
,281984,,1.33184775,83,164.88,5761,29,,,,,,,,,,,
3.320740835386823,282000,160.6,,,,,,1370,0.827589139342308,-0.034039426947128956,0.2,0.74228515625,0.5489252556464634,0.92415655,-0.2843375775963068,0.0003,-0.044162817299366,0.27315670251846313
2.553948278142343,283000,160.6,,,,,,,,,,,,,,,,
4.492313901444868,284000,161.0,,,,,,,,,,,,,,,,
,284032,,1.12628593,84,163.27,5845,29,,,,,,,,,,,
-0.7519236352476583,285000,160.4,,,,,,1380,0.7857383489608765,-0.02996146763325669,0.2,0.7701171875,0.5446466098772362,1.4732203,-0.21859663650393485,0.0003,-0.055803410708904266,0.26279574632644653
2.4600185524948754,286000,160.8,,,,,,,,,,,,,,,,
,286080,,1.35636889,85,163.18,5914,29,,,,,,,,,,,
2.5856655371782837,287000,161.0,,,,,,1390,0.8200021833181381,-0.029186484328238293,0.2,0.77744140625,0.3850469804601744,1.4428732,-0.14928765185177326,0.0003,-0.010335274040699005,0.25578415393829346
4.010157430919935,288000,159.8,,,,,,,,,,,,,,,,
,288128,,2.09184962,86,163.18,5981,29,,,,,,,,,,,
2.3944209757195494,289000,160.4,,,,,,1400,0.8022031933069229,-0.021361414936836808,0.2,0.76005859375,0.3888656345428899,1.1052811,-0.10545534715056419,0.0003,-0.06368066370487213,0.250675767660141
2.7396803825671667,290000,160.2,,,,,,,,,,,,,,,,
,290176,,2.0715071,87,163.68,6050,29,,,,,,,,,,,
6.5260672451193384,291000,160.2,,,,,,1410,0.7583198249340057,-0.013368790168897249,0.2,0.759326171875,0.5454801228712313,1.3471458,-0.052708180993795394,0.0003,-0.041143886744976044,0.24217039346694946
5.114448216333403,292000,161.0,,,,,,,,,,,,,,,,
,292224,,2.40528231,88,163.2,6119,29,,,,,,,,,,,
2.339285065401782,293000,160.0,,,,,,1420,0.8340505212545395,-0.00042067913454957306,0.2,0.805908203125,0.3787886620382778,1.845999,0.0068772703409194945,0.0003,-0.011280596256256104,0.23636609315872192
3.060302959693945,294000,160.0,,,,,,,,,,,,,,,,
,294272,,2.54477371,89,162.72,6187,29,,,,,,,,,,,
3.005591886561888,295000,160.4,,,,,,1430,0.8033186495304108,-0.026326386182336136,0.2,0.770068359375,0.43192655028542504,1.398351,0.06527026481926441,0.0003,-0.06656201183795929,0.22953104972839355
5.167819347696787,296000,160.8,,,,,,,,,,,,,,,,
,296320,,2.81384473,90,162.24,6254,29,,,,,,,,,,,
6.418971038018208,297000,160.2,,,,,,1440,0.8011397123336792,-0.022363551160378848,0.2,0.75771484375,0.45890650161309166,1.4914677,0.12943873032927514,0.0003,0.018442507833242416,0.22120586037635803
6.497621740366594,298000,161.0,,,,,,,,,,,,,,,,
,298368,,3.2513368299999996,91,163.37,6323,29,,,,,,,,,,,
5.668909427056496,299000,160.6,,,,,,1450,0.8148620426654816,-0.019612682299339212,0.2,0.786376953125,0.32090209170710293,1.4075614,0.18317773900926113,0.0003,-0.02294928953051567,0.21841956675052643
1.9886091423504695,300000,160.4,,,,,,,,,,,,,,,,
,300416,,3.46081436,92,163.53,6390,29,,,,,,,,,,,
6.118785293675319,301000,160.0,,,,,,1460,0.8106566369533539,-0.0294381463812897,0.2,0.76201171875,0.33777418005047366,1.3332822,0.22183183245360852,0.0003,-0.015384487807750702,0.2110605239868164
4.2871509494725615,302000,160.0,,,,,,,,,,,,,,,,
,302464,,3.3868474600000007,93,165.17,6458,29,,,,,,,,,,,
4.184829725054442,303000,159.2,,,,,,1470,0.6954098045825958,-0.012143047696736176,0.2,0.771337890625,0.7947867995244451,1.4155601,0.28752943128347397,0.0003,0.10658708214759827,0.20670577883720398
-1.1163409953231167,304000,161.0,,,,,,,,,,,,,,,,
,304512,,3.27814725,94,165.21,6527,29,,,,,,,,,,,
3.337940509330656,305000,161.0,,,,,,1480,0.792192667722702,0.0019355674856342375,0.2,0.79853515625,0.4693430497311056,1.5632857,0.3233342207968235,0.0003,-0.05546194314956665,0.20232543349266052
2.264526138584915,306000,160.4,,,,,,,,,,,,,,,,
,306560,,3.469743050000001,95,163.19,6595,29,,,,,,,,,,,
4.1380106613163665,307000,159.8,,,,,,1490,0.8516370058059692,-0.0063820243667578325,0.2,0.800146484375,0.2955131888156757,1.4551423,0.35649154596030713,0.0003,0.0004328116774559021,0.2002108097076416
2.3426434900677124,308000,160.0,,,,,,,,,,,,,,,,
,308608,,3.40643799,96,165.21,6663,29,,,,,,,,,,,
3.3933153358491834,309000,160.4,,,,,,1500,0.8090504556894302,-0.004313751045265235,0.2,0.791845703125,0.4920848363428377,1.3946102,0.3824081398546696,0.0003,-0.06722183525562286,0.1973661184310913
6.0980696318030825,310000,159.2,,,,,,,,,,,,,,,,
,310656,,2.81741074,97,164.81,6732,29,,,,,,,,,,,
-0.7547839971412031,311000,160.0,,,,,,1510,0.7212523519992828,-0.0016657119325827808,0.2,0.785205078125,0.6777833337080665,1.3809967,0.41594652459025383,0.0003,-0.029146621003746986,0.19289156794548035
-0.7650486771977739,312000,159.6,,,,,,,,,,,,,,,,
,312704,,2.5813435899999995,98,163.2,6801,29,,,,,,,,,,,
6.566639971522091,313000,160.2,,,,,,1520,0.7171011567115784,-0.007712022686609999,0.2,0.774951171875,0.8619684622506611,1.4768106,0.4710371498018503,0.0003,-0.0014636777341365814,0.1871843785047531
0.42670943643315695,314000,159.6,,,,,,,,,,,,,,,,
,314752,,2.47766792,99,163.17,6868,29,,,,,,,,,,,
-1.2639394963698578,315000,161.0,,,,,,1530,0.7970986217260361,0.0069745740969665345,0.2,0.8029296875,0.372225690970663,1.7540793,0.5121261913329362,0.0003,-0.04524549841880798,0.18512770533561707
-3.6234650523139864,316000,159.6,,,,,,,,,,,,,,,,
,316800,,2.40951476,100,163.81,6937,29,,,,,,,,,,,
2.608752167752391,317000,159.8,,,,,,1540,0.781241774559021,-0.0016142616339493542,0.2,0.780322265625,0.5869824854889885,1.4426742,0.5508884157985449,0.0003,0.0020779073238372803,0.18049356341362
3.7254398965160362,318000,159.8,,,,,,,,,,,,,,,,
,318848,,2.59101318,101,161.83,7006,29,,,,,,,,,,,
3.2088584721801454,319000,160.0,,,,,,1550,0.7258525788784027,-0.005668364494340494,0.2,0.776123046875,0.5974187515210361,1.2986277,0.5933073397725821,0.0003,0.007380910217761993,0.17770065367221832
4.218994070476765,320000,160.6,,,,,,,,,,,,,,,,
,320896,,2.7283477,102,162.83,7073,29,,,,,,,,,,,
10.165837095028838,321000,161.0,,,,,,1560,0.7069293558597565,-0.002663680972182192,0.2,0.791015625,0.5325644565979019,1.7075447,0.6371895182877779,0.0003,-0.014670368283987045,0.17262640595436096
1.0570583976819763,322000,159.6,,,,,,,,,,,,,,,,
,322944,,2.37841469,103,163.26,7141,29,,,,,,,,,,,
4.098271726180974,323000,160.4,,,,,,1570,0.7486989796161652,0.04360271952464245,0.2,0.81328125,0.5583414850872941,1.259898,0.652153305336833,0.0003,-0.02595248445868492,0.17398133873939514
4.451411759787879,324000,159.4,,,,,,,,,,,,,,,,
,324992,,2.3640409199999994,104,163.48,7210,29,,,,,,,,,,,
0.3234203451276699,325000,159.6,,,,,,1580,0.701106071472168,-0.00809265241259709,0.2,0.8119140625,0.6618402063846588,1.8415117,0.6605476927012205,0.0003,0.024138163775205612,0.17118167877197266
4.35341710284265,326000,160.0,,,,,,,,,,,,,,,,
7.472443000690691,327000,160.0,,,,,,,,,,,,,,,,
,327040,,2.92674982,105,162.95,7294,29,,,,,,,,,,,
3.26235644999615,328000,160.6,,,,,,1590,0.7209074795246124,-0.004917770659085363,0.2,0.810205078125,0.4674171978374943,2.2340155,0.6988659240305424,0.0003,-0.06031155586242676,0.16778436303138733
8.087504543361865,329000,159.4,,,,,,,,,,,,,,,,
,329088,,3.8995086800000003,106,163.23,7362,29,,,,,,,,,,,
6.529605274411006,330000,160.8,,,,,,1600,0.6726163327693939,-0.00634292988688685,0.2,0.827734375,0.6962976557435467,3.1884437,0.7382224611938,0.0003,-0.020345337688922882,0.1654692143201828
9.191157491991907,331000,159.0,,,,,,,,,,,,,,,,
,331136,,4.57899894,107,163.25,7429,29,,,,,,,,,,,
10.396683140732785,332000,160.0,,,,,,1610,0.6371280252933502,0.015086525343940593,0.2,0.81494140625,0.7670799531741068,2.0002291,0.7684455465525388,0.0003,0.0022142380475997925,0.16213098168373108
8.633258686177578,333000,159.0,,,,,,,,,,,,,,,,
,333184,,5.47518626,108,163.63,7498,29,,,,,,,,,,,
3.6389774520248466,334000,160.6,,,,,,1620,0.6531960666179657,0.013784418735303916,0.2,0.7947265625,0.792228379077278,1.6355604,0.8073363326489925,0.0003,0.04843684285879135,0.15978112816810608
10.232765041811216,335000,160.6,,,,,,,,,,,,,,,,
,335232,,5.656721470000001,109,163.51,7567,29,,,,,,,,,,,
7.285511471835344,336000,160.0,,,,,,1630,0.6996468305587769,-0.0023097226687241344,0.2,0.779052734375,0.6663606648682616,1.2876663,0.8283650379627943,0.0003,-0.03841555118560791,0.1583574414253235
7.589409964151128,337000,160.0,,,,,,,,,,,,,,,,
,337280,,5.932370930000002,110,163.65,7634,29,,,,,,,,,,,
6.362340593191038,338000,159.4,,,,,,1640,0.6499798595905304,0.028645572561072186,0.2,0.817578125,0.7206591123715043,2.8072276,0.8643238317221403,0.0003,0.09458012133836746,0.15428277850151062
9.944621391522379,339000,160.6,,,,,,,,,,,,,,,,
,339328,,6.65338883,111,163.76,7703,29,,,,,,,,,,,
6.458588695416256,340000,159.4,,,,,,1650,0.6690007746219635,-0.003116325763403438,0.2,0.806591796875,0.6014133190619759,2.0879192,0.9188667189329862,0.0003,-0.0043134428560733795,0.14989051222801208
1.2832912231569935,341000,160.0,,,,,,,,,,,,,,,,
,341376,,7.096514209999999,112,163.27,7772,29,,,,,,,,,,,
5.082028946359787,342000,160.0,,,,,,1660,0.6850421130657196,-0.0014903741015587003,0.2,0.7908203125,0.7567892794148066,1.6478021,0.9699601184576749,0.0003,-0.0013271495699882507,0.14603208005428314
5.090354238462169,343000,160.2,,,,,,,,,,,,,,,,
,343424,,8.151113,113,163.7,7839,29,,,,,,,,,,,
10.358772367886559,344000,160.0,,,,,,1670,0.695324569940567,0.01413206296856515,0.2,0.83544921875,0.7550080950604752,3.514471,1.0212250713258981,0.0003,0.007812999188899994,0.14263048768043518
2.7132763468711345,345000,160.4,,,,,,,,,,,,,,,,
,345472,,7.97961995,114,163.56,7907,29,,,,,,,,,,,
9.510700703260227,346000,160.6,,,,,,1680,0.7462429702281952,0.03351026308373548,0.2,0.81357421875,0.5598281824146397,2.2451897,1.0494111262261867,0.0003,-0.025842752307653427,0.1418839991092682
7.277523037542414,347000,159.6,,,,,,,,,,,,,,,,
,347520,,7.883212379999999,115,163.45,7976,29,,,,,,,,,,,
10.203920251583622,348000,159.8,,,,,,1690,0.7114364206790924,0.01084798653027974,0.2,0.807861328125,0.7742035802570172,1.5167743,1.0638872224837541,0.0003,-0.0040114931762218475,0.1414482593536377
