eval/mean_reward,time/total_timesteps,eval/mean_ep_length,rollout/ep_len_mean,time/fps,time/time_elapsed,time/iterations,rollout/ep_rew_mean,train/entropy_loss,train/n_updates,train/learning_rate,train/std,train/policy_gradient_loss,train/loss,train/value_loss,train/approx_kl,train/explained_variance,train/clip_range,train/clip_fraction
18.998467734788573,1000,161,,,,,,,,,,,,,,,,
19.05059378976148,2000,161,,,,,,,,,,,,,,,,
,2048,,157.25,30,66,1,121.26549733333336,,,,,,,,,,,
-0.994166787,3000,161,,,,,,-2.818255582,10,0.0003,0.9802389144897461,0.000714653,1.111918568611145,10.48581262305379,0.006334165,-0.016777515,0.2,0.110791016
-0.994168745,4000,161,,,,,,,,,,,,,,,,
,4096,,163.52,30,135,2,124.0581102,,,,,,,,,,,
80.10880123,5000,137.6,,,,,,-2.797937679,20,0.0003,0.9804058074951172,0.001452615,1.6066967248916626,10.501569892466069,0.01810669,0.5393591225147247,0.2,0.177148438
79.96497598364367,6000,138,,,,,,,,,,,,,,,,
,6144,,149.76923076923077,30,203,3,116.32369700000002,,,,,,,,,,,
182.8403877686804,7000,186,,,,,,-2.798829148,30,0.0003,0.9809808731079102,-0.00292353,7.385467529296875,21.95016177,0.03247774,0.7022944688796997,0.2,0.222119141
182.78302844574063,8000,185,,,,,,,,,,,,,,,,
,8192,,148.76363636363635,29,277,4,124.61696543636363,,,,,,,,,,,
183.4740861601611,9000,130.6,,,,,,-2.796991418,40,0.0003,0.9775084257125854,0.006474656,12.444009780883789,27.978698191046714,0.030720102,0.7078632116317749,0.2,0.273535156
183.56467189203175,10000,131.6,,,,,,,,,,,,,,,,
,10240,,149.02941176470588,29,343,5,135.0478281617647,,,,,,,,,,,
163.38735484638383,11000,196.6,,,,,,-2.7914774,50,0.0003,0.9776583909988403,0.024292579,3.8204965591430664,18.95977547764778,0.036773406,0.8084453493356705,0.2,0.315429688
165.19885326836956,12000,199.8,,,,,,,,,,,,,,,,
,12288,,154.29113924050634,29,413,6,141.77636964556964,,,,,,,,,,,
194.93798797768395,13000,173.6,,,,,,-2.791710094,60,0.0003,0.9766730070114136,0.011779670456598978,1.574358344078064,13.36316218599677,0.021828774,0.920537919,0.2,0.255322266
194.74591271434764,14000,173.6,,,,,,,,,,,,,,,,
,14336,,153.31182795698925,29,484,7,144.6605189354839,,,,,,,,,,,
201.45368083870488,15000,125,,,,,,-2.793047635,70,0.0003,0.9794149398803711,0.009591612,8.442060470581055,24.13175295740366,0.090232536,0.8887308686971664,0.2,0.333642578
202.35809815268658,16000,125.6,,,,,,,,,,,,,,,,
,16384,,152.21,29,550,8,152.62545839999999,,,,,,,,,,,
254.8606798675559,17000,157.8,,,,,,-2.796682309,80,0.0003,0.9793214201927185,0.015035385366354603,5.224559307098389,24.62339834868908,0.036236655,0.879382923,0.2,0.366455078
252.92876705729213,18000,155.2,,,,,,,,,,,,,,,,
,18432,,154.68,29,617,9,165.00650039000004,,,,,,,,,,,
233.39888626257599,19000,171.4,,,,,,-2.794267109,90,0.0003,0.9781442880630493,0.009316863,7.282125949859619,28.529731851816177,0.05082345,0.8826380670070648,0.2,0.347314453
235.56602312266259,20000,173.2,,,,,,,,,,,,,,,,
,20480,,159.08,29,685,10,178.58535134000002,,,,,,,,,,,
251.0424780986432,21000,167.2,,,,,,-2.787352754,100,0.0003,0.9715172052383423,0.006863594,17.147605895996094,42.72631154,0.04531604,0.8749368339776993,0.2,0.337304688
251.15319608814315,22000,167.2,,,,,,,,,,,,,,,,
,22528,,162.39,29,751,11,191.6377279,,,,,,,,,,,
279.2287047386773,23000,133,,,,,,-2.779259028,110,0.0003,0.9709826111793518,0.005606501,13.975630760192871,44.283273270726205,0.025909543,0.8074793815612793,0.2,0.264111328
277.4361051627362,24000,130.6,,,,,,,,,,,,,,,,
,24576,,166.54,30,817,12,208.16191896000004,,,,,,,,,,,
415.7511828108771,25000,207.4,,,,,,-2.77820299,120,0.0003,0.9696651101112366,0.012374863735749387,30.722028732299805,94.86107251644134,0.034627944,0.7313328087329865,0.2,0.353173828
415.0468840263129,26000,206.2,,,,,,,,,,,,,,,,
,26624,,170.24,29,889,13,218.73299828000003,,,,,,,,,,,
359.26180321075225,27000,173.6,,,,,,-2.776334062,130,0.0003,0.9687075018882751,0.014065557176945732,44.27687072753906,133.13624670505524,0.03705129,0.6335144937038422,0.2,0.3984375
359.15864092974954,28000,172.6,,,,,,,,,,,,,,,,
,28672,,170.25,29,956,14,228.42300268000002,,,,,,,,,,,
365.1612795379093,29000,167.6,,,,,,-2.771402507,140,0.0003,0.9659035205841064,0.018757221550913528,52.82841491699219,118.0825944840908,0.050256547,0.6388546824455261,0.2,0.429003906
364.5718724268154,30000,186.2,,,,,,,,,,,,,,,,
,30720,,167.82,29,1027,15,238.001775,,,,,,,,,,,
285.7331176515756,31000,131.6,,,,,,-2.771987738,150,0.0003,0.9703209400177002,0.012016757903620601,48.976436614990234,152.4912313580513,0.07453245,0.6090762615203857,0.2,0.376416016
290.054635,32000,134.6,,,,,,,,,,,,,,,,
,32768,,171.12,29,1092,16,251.29525260000003,,,,,,,,,,,
43.662747028747255,33000,42.8,,,,,,-2.777148897,160,0.0003,0.9697662591934204,0.012989692256087437,26.258255004882812,104.11154886484147,0.09782845,0.6832958161830902,0.2,0.395800781
44.82558127841039,34000,43.4,,,,,,,,,,,,,,,,
,34816,,143.66,29,1167,17,216.68848627999995,,,,,,,,,,,
269.54332366219603,35000,128,,,,,,-2.784074002,170,0.0003,0.9775176048278809,0.034757332,82.56681060791016,247.60715727806092,0.037600264,0.4577070474624634,0.2,0.438867188
259.58760707099134,36000,123,,,,,,,,,,,,,,,,
,36864,,134.55,29,1237,18,210.0957218,,,,,,,,,,,
151.86616900203444,37000,82.8,,,,,,-2.795547836,180,0.0003,0.9814504981040955,-0.001603815,84.99410247802734,211.73702783584594,0.034748524,0.6800455451011658,0.2,0.346289063
130.4962791,38000,74.8,,,,,,,,,,,,,,,,
,38912,,128.77,29,1300,19,205.76577661000002,,,,,,,,,,,
259.9666904998427,39000,120.8,,,,,,-2.804731139,190,0.0003,0.9879893660545349,0.008658926,74.18626403808594,202.27208960056305,0.04742532,0.685255617,0.2,0.350048828
260.21330716349183,40000,121.2,,,,,,,,,,,,,,,,
,40960,,122.32,29,1366,20,200.48601198000003,,,,,,,,,,,
45.09912570541055,41000,49.2,,,,,,-2.817176154,200,0.0003,0.9916322231292725,0.029987329,36.41181945800781,159.09883313179017,0.3267351,0.7025549709796906,0.2,0.437792969
44.738471467469935,42000,49.2,,,,,,,,,,,,,,,,
46.474739132462126,43000,50.8,,,,,,,,,,,,,,,,
,43008,,99.77,29,1454,21,150.3843776,,,,,,,,,,,
42.861593939812884,44000,45.4,,,,,,-2.827965293,210,0.0003,1.0031425952911377,0.035551737830974164,38.76679229736328,126.3837649,0.047722347,0.6299502849578857,0.2,0.427587891
44.11947484441771,45000,46.4,,,,,,,,,,,,,,,,
,45056,,83.26,29,1541,22,111.14157229999999,,,,,,,,,,,
42.834634000094226,46000,43.8,,,,,,-2.839750702,220,0.0003,1.000933289527893,0.029831298839417285,6.312750816345215,24.421459046006202,0.07015985,0.8306701332330704,0.2,0.425537109
44.67229856003833,47000,45.8,,,,,,,,,,,,,,,,
,47104,,59.21,29,1624,23,55.209758970000024,,,,,,,,,,,
52.380411077623286,48000,49.6,,,,,,-2.848172622,230,0.0003,1.0047202110290527,0.016060513717820867,8.347715377807617,19.518627953529357,0.025478253,0.8172584027051926,0.2,0.336669922
53.91725059284363,49000,50.8,,,,,,,,,,,,,,,,
,49152,,59.33,28,1704,24,59.15100227,,,,,,,,,,,
160.5427376704516,50000,87,,,,,,-2.849577607,240,0.0003,1.0076452493667603,0.003111093,6.498574256896973,23.996355348825453,0.10159019,0.7899278253316879,0.2,0.356298828
163.5535036468631,51000,88,,,,,,,,,,,,,,,,
,51200,,66.15,28,1780,25,73.67270522000001,,,,,,,,,,,
188.39562764013317,52000,95.6,,,,,,-2.854465431,250,0.0003,1.0086374282836914,0.000988624,22.750747680664062,57.96820182204247,0.024555331,0.5935736000537872,0.2,0.299707031
186.71875752476117,53000,95,,,,,,,,,,,,,,,,
,53248,,73.57,28,1853,26,89.00415467000002,,,,,,,,,,,
304.2908332271392,54000,137.4,,,,,,-2.861018079,260,0.0003,1.0144591331481934,-0.00761849,20.216718673706055,69.23568675518035,0.019592715,0.5915889143943787,0.2,0.2640625
297.84803831422903,55000,134.4,,,,,,,,,,,,,,,,
,55296,,83.88,28,1924,27,110.9013054,,,,,,,,,,,
308.7841974056617,56000,137.4,,,,,,-2.864480041,270,0.0003,1.0139482021331787,0.0034065,13.79219913482666,39.13120845854282,0.020742979,0.7258094549179077,0.2,0.296826172
298.3148894587583,57000,134.6,,,,,,,,,,,,,,,,
,57344,,94.56,28,1995,28,133.69558346000002,,,,,,,,,,,
282.8470225178338,58000,132.2,,,,,,-2.863905203,280,0.0003,1.014033555984497,0.022387598,4.798927307128906,24.16583683639765,0.040582508,0.8980433419346809,0.2,0.378417969
281.2030206561132,59000,130,,,,,,,,,,,,,,,,
,59392,,104.5,28,2065,29,155.02371936999998,,,,,,,,,,,
285.37519530502107,60000,129.2,,,,,,-2.863228306,290,0.0003,1.0104703903198242,-0.001976572,5.347212791442871,34.31439693719149,0.020006623,0.9037243649363518,0.2,0.286230469
283.19184927420577,61000,128.6,,,,,,,,,,,,,,,,
,61440,,111.1,28,2134,30,170.54607848000003,,,,,,,,,,,
231.7103311715502,62000,110.8,,,,,,-2.859680152,300,0.0003,1.014684796333313,0.006521568,3.407160758972168,40.11255229413509,0.06639196,0.9018088653683662,0.2,0.312353516
231.65327021228512,63000,110.8,,,,,,,,,,,,,,,,
,63488,,118.13,28,2202,31,186.37311688999998,,,,,,,,,,,
281.46250477731155,64000,128,,,,,,-2.866021384,310,0.0003,1.0164422988891602,0.008171239,29.45747947692871,61.79709405899048,0.018094,0.8531573563814163,0.2,0.299755859
260.9540452485853,65000,122.6,,,,,,,,,,,,,,,,
,65536,,120.65,28,2273,32,191.96205108999996,,,,,,,,,,,
273.78206311006727,66000,126.2,,,,,,-2.864700483,320,0.0003,1.0127692222595215,0.00462831,14.634905815124512,86.26674822568893,0.03818325,0.8343616276979446,0.2,0.317626953
265.7418242458225,67000,122,,,,,,,,,,,,,,,,
,67584,,119.26,28,2344,33,190.62800298000002,,,,,,,,,,,
277.26957589744416,68000,124.2,,,,,,-2.869585053,330,0.0003,1.022050142288208,0.017073802,11.033133506774902,59.7559182,0.09517452,0.8766690418124199,0.2,0.441162109
276.6890907,69000,125,,,,,,,,,,,,,,,,
,69632,,120.03,28,2414,34,194.14334810999998,,,,,,,,,,,
442.09620257664136,70000,178.6,,,,,,-2.874723471,340,0.0003,1.015892505645752,0.008916183,16.232547760009766,51.47208365,0.04244378,0.8864975422620773,0.2,0.397070313
400.55585593061915,71000,164.2,,,,,,,,,,,,,,,,
,71680,,121.87,28,2487,35,201.61802169000003,,,,,,,,,,,
368.28311637796435,72000,158.4,,,,,,-2.867525749,350,0.0003,1.016172170639038,0.001463249,13.62810230255127,74.78530140221119,0.04938961,0.776317373,0.2,0.329150391
367.7015203636307,73000,157,,,,,,,,,,,,,,,,
,73728,,117.72,28,2564,36,193.8772208,,,,,,,,,,,
356.9739839239992,74000,153,,,,,,-2.868818942,360,0.0003,1.0187511444091797,-0.001654822,27.894367218017578,173.40121952295303,0.05618084,0.6255054175853729,0.2,0.357373047
367.94230793514146,75000,162.4,,,,,,,,,,,,,,,,
,75776,,114.3,28,2639,37,189.03356090999998,,,,,,,,,,,
334.23083299407733,76000,145.8,,,,,,-2.867527158,370,0.0003,1.0129902362823486,0.009590702,37.341670989990234,185.36050003767014,0.041575633,0.4541270136833191,0.2,0.365283203
313.4053716109738,77000,140.2,,,,,,,,,,,,,,,,
,77824,,113,28,2714,38,189.6687178,,,,,,,,,,,
307.63773419409773,78000,137.6,,,,,,-2.861664712,380,0.0003,1.0137813091278076,0.005490216,61.07072448730469,193.94540559053422,0.055323556,0.45717376470565796,0.2,0.411767578
301.4345457,79000,135.2,,,,,,,,,,,,,,,,
,79872,,117.67,28,2782,39,203.942257,,,,,,,,,,,
278.50565475974946,80000,126.6,,,,,,-2.867775226,390,0.0003,1.0194132328033447,0.023786811,12.26816177368164,83.62008540034294,0.15570858,0.6533043682575226,0.2,0.434375
274.9917605989409,81000,124.2,,,,,,,,,,,,,,,,
,81920,,123.1,28,2846,40,219.55171265999996,,,,,,,,,,,
376.26268449308117,82000,164.2,,,,,,-2.874420077,400,0.0003,1.021252989768982,0.018773593222431374,7.366333008,55.204474785923956,0.15022127,0.8116804212331772,0.2,0.424951172
372.1855760942606,83000,173.4,,,,,,,,,,,,,,,,
,83968,,122.46,28,2919,41,219.2241343,,,,,,,,,,,
429.1050873936838,84000,173.2,,,,,,-2.87726041,410,0.0003,1.0181217193603516,0.007935637,70.20708465576172,207.7573663,0.05034088,0.6414067447185516,0.2,0.378027344
425.87003168919983,85000,171.2,,,,,,,,,,,,,,,,
383.0227097423514,86000,166.2,,,,,,,,,,,,,,,,
,86016,,125.64,28,3008,42,230.79058719999998,,,,,,,,,,,
373.1862368694063,87000,161.4,,,,,,-2.866752964,420,0.0003,1.0118986368179321,0.023956923,45.74734878540039,248.38622579574584,0.059130132,0.4797024726867676,0.2,0.462792969
361.4304020444921,88000,161.4,,,,,,,,,,,,,,,,
,88064,,129.65,28,3080,43,242.4153256,,,,,,,,,,,
245.1554596814989,89000,117.8,,,,,,-2.855799951,430,0.0003,1.0071107149124146,0.006480171,51.72332763671875,238.67635078430175,0.08007552,0.45633047819137573,0.2,0.425878906
259.99107583619116,90000,120.8,,,,,,,,,,,,,,,,
,90112,,135.48,28,3144,44,257.8983851,,,,,,,,,,,
212.69797899726328,91000,106,,,,,,-2.850066738,440,0.0003,1.0100523233413696,0.028496788,9.394441604614258,60.24974124,0.08683635,0.7932209968566895,0.2,0.457568359
211.8591051824049,92000,105.2,,,,,,,,,,,,,,,,
,92160,,143.3,28,3206,45,279.33216976999995,,,,,,,,,,,
250.45964594078032,93000,120.4,,,,,,-2.85912293,450,0.0003,1.012270212173462,0.007556332,65.56546020507812,86.33041257858277,0.049501203,0.8671983182430267,0.2,0.38671875
242.8892305021778,94000,118.6,,,,,,,,,,,,,,,,
,94208,,150.26,28,3267,46,294.4307501,,,,,,,,,,,
179.9718166523904,95000,95.2,,,,,,-2.873896778,460,0.0003,1.0277762413024902,0.013156164245447143,9.203878402709961,40.64930539429188,0.11190618,0.9140287712216377,0.2,0.442333984
177.7579359470823,96000,94,,,,,,,,,,,,,,,,
,96256,,148.77,28,3331,47,293.69421797000007,,,,,,,,,,,
352.5791283401486,97000,152,,,,,,-2.894445273,470,0.0003,1.0335540771484375,0.022916065927711317,27.920930862426758,119.42821251749993,0.15050583,0.8109605610370636,0.2,0.438427734
353.4328285273703,98000,152.6,,,,,,,,,,,,,,,,
,98304,,152.46,28,3396,48,305.847017,,,,,,,,,,,
317.0940667978124,99000,139,,,,,,-2.902758551,480,0.0003,1.0383824110031128,0.034161140443757176,7.192398548126221,59.39173814356327,0.1232823,0.859842062,0.2,0.49375
290.0706775680977,100000,129.4,,,,,,,,,,,,,,,,
,100352,,158.7,28,3461,49,323.031387,,,,,,,,,,,
365.1673539360818,101000,159.8,,,,,,-2.92294443,490,0.0003,1.0529356002807617,0.031145373,21.49009132385254,72.39365998208523,0.08364855,0.8986117839813232,0.2,0.475634766
365.88121549423084,102000,163.4,,,,,,,,,,,,,,,,
,102400,,163.85,29,3527,50,336.60512646999996,,,,,,,,,,,
381.66923399548176,103000,168.4,,,,,,-2.946294239,500,0.0003,1.0603904724121094,0.017353687307331712,180.70899963378906,108.82359030842781,0.044798657,0.8437757194042206,0.2,0.402587891
360.6095509707513,104000,160,,,,,,,,,,,,,,,,
,104448,,174.51,29,3591,51,360.9568189,,,,,,,,,,,
264.1120125954643,105000,124.6,,,,,,-2.959302788,510,0.0003,1.066986322402954,0.013639872963540255,8.310782432556152,53.43131153136492,0.10719749,0.9199843406677246,0.2,0.430517578
267.05262983444845,106000,126.6,,,,,,,,,,,,,,,,
,106496,,181.39,29,3653,52,377.6313207399999,,,,,,,,,,,
216.1571295896254,107000,107.6,,,,,,-2.971600269,520,0.0003,1.0754035711288452,0.033246621,11.170145988464355,54.836755368113515,0.16890419,0.9297896474599838,0.2,0.507714844
214.9231696724499,108000,107,,,,,,,,,,,,,,,,
,108544,,182.57,29,3715,53,383.2001600699999,,,,,,,,,,,
445.9143609559011,109000,207.8,,,,,,-2.976339868,530,0.0003,1.0673035383224487,0.025860801,10.730995178222656,90.67615758478641,0.42373,0.9216911867260933,0.2,0.482177734
448.81004892760905,110000,207.6,,,,,,,,,,,,,,,,
,110592,,186.39,29,3784,54,390.2102749600001,,,,,,,,,,,
515.207507,111000,296,,,,,,-2.976716945,540,0.0003,1.074565052986145,0.019767182180657983,5.321639537811279,39.01119766309857,0.055149928,0.9535459764301777,0.2,0.488964844
515.0841978241609,112000,294.8,,,,,,,,,,,,,,,,
,112640,,190.41,29,3861,55,400.23424499999993,,,,,,,,,,,
481.65566059950726,113000,287.8,,,,,,-2.976079626,550,0.0003,1.072176218032837,0.007624308,6.8924407958984375,47.75982332825661,0.12327241,0.9297141209244728,0.2,0.407617188
488.4308434,114000,291.4,,,,,,,,,,,,,,,,
,114688,,196.98,29,3935,56,410.49322781999996,,,,,,,,,,,
412.29140378811354,115000,270.4,,,,,,-2.992201504,560,0.0003,1.0897960662841797,0.027988773424294778,11.948304176330566,55.23691099435091,0.21272975,0.9361514300107956,0.2,0.502734375
394.5494421315758,116000,257.6,,,,,,,,,,,,,,,,
,116736,,206.96,29,4007,57,417.403165,,,,,,,,,,,
400.27924899338393,117000,249.6,,,,,,-3.017720173,570,0.0003,1.0981800556182861,0.015059708183980548,6.097099781036377,22.945074981451036,0.105000295,0.966901146,0.2,0.409130859
403.0638997419992,118000,250.4,,,,,,,,,,,,,,,,
,118784,,213.58,29,4080,58,421.60775715999995,,,,,,,,,,,
441.40943399905956,119000,276,,,,,,-3.030426265,580,0.0003,1.1035189628601074,0.017215496,14.781096458435059,113.57872558832169,0.065057755,0.8671310693025589,0.2,0.417675781
432.8820378113393,120000,269.8,,,,,,,,,,,,,,,,
,120832,,215.89,29,4156,59,417.4091615,,,,,,,,,,,
370.7303444,121000,257.2,,,,,,-3.032080686,590,0.0003,1.0997846126556396,0.029829335,16.346498489379883,65.56631055474281,0.13703997,0.910397895,0.2,0.503173828
376.2628973644598,122000,257.6,,,,,,,,,,,,,,,,
,122880,,222.69,29,4227,60,419.0553502,,,,,,,,,,,
362.9464692638445,123000,262.2,,,,,,-3.035924184,600,0.0003,1.1085703372955322,0.011885330866789445,18.517534255981445,54.93162150681019,0.04395048,0.8901667222380638,0.2,0.450830078
361.35097118140766,124000,262.2,,,,,,,,,,,,,,,,
,124928,,234.8,29,4298,61,428.94892275999996,,,,,,,,,,,
296.47166451509037,125000,224.4,,,,,,-3.037091104,610,0.0003,1.1061813831329346,0.026546396146295594,4.1926469802856445,42.913724173605445,0.122953855,0.9405725337564945,0.2,0.480566406
287.1195167882681,126000,221.4,,,,,,,,,,,,,,,,
,126976,,239.84,29,4365,62,425.0384512,,,,,,,,,,,
417.9864464671402,127000,265.6,,,,,,-3.047226737,620,0.0003,1.1153028011322021,0.037984884600155054,20.776836395263672,100.03419262766838,0.26937562,0.7346167862415314,0.2,0.535839844
423.1323250135574,128000,266.2,,,,,,,,,,,,,,,,
418.9786079533915,129000,267,,,,,,,,,,,,,,,,
,129024,,244.82,28,4458,63,420.75009195999985,,,,,,,,,,,
362.78476655968115,130000,227.6,,,,,,-3.057609825,630,0.0003,1.1248607635498047,0.061806958,2.9331769943237305,22.94566687,0.22550109,0.9390840940177441,0.2,0.5375
362.7058612443645,131000,228.4,,,,,,,,,,,,,,,,
,131072,,249.97,28,4526,64,420.45823134000005,,,,,,,,,,,
452.59476058045254,132000,279.6,,,,,,-3.08078192,640,0.0003,1.1316421031951904,0.007655718,4.182750225067139,39.791272735595705,0.035834618,0.9021207764744759,0.2,0.370166016
431.3725488644297,133000,252,,,,,,,,,,,,,,,,
,133120,,255.76,28,4600,65,421.93758154000005,,,,,,,,,,,
453.7963581666139,134000,282.2,,,,,,-3.082477286,650,0.0003,1.1261250972747803,-0.001081603,11.808026313781738,73.94389257,0.041270822,0.9266822785139084,0.2,0.344042969
456.6499249223707,135000,283.2,,,,,,,,,,,,,,,,
,135168,,261.05,28,4674,66,424.7956956,,,,,,,,,,,
492.31126065333444,136000,297.2,,,,,,-3.080791433,660,0.0003,1.1319129467010498,0.015140807366697118,4.16021204,41.77925933748484,0.06559414,0.9374408647418022,0.2,0.434912109
483.8285625371951,137000,292,,,,,,,,,,,,,,,,
,137216,,265.32,28,4750,67,426.51001713000005,,,,,,,,,,,
496.40774088611795,138000,296,,,,,,-3.091812504,670,0.0003,1.1397255659103394,0.00839472,4.6976728439331055,34.399472498893736,0.10040192,0.9615482352674007,0.2,0.420751953
503.9000023427092,139000,297.4,,,,,,,,,,,,,,,,
,139264,,270.49,28,4824,68,429.68433304000007,,,,,,,,,,,
475.2225007,140000,301,,,,,,-3.104415477,680,0.0003,1.1506057977676392,0.057975696,3.452341079711914,14.664094672352075,0.23163687,0.9777899049222469,0.2,0.562304688
482.9985814341293,141000,301.8,,,,,,,,,,,,,,,,
,141312,,267.55,28,4902,69,423.64736444999994,,,,,,,,,,,
459.2274036251714,142000,281.8,,,,,,-3.117342062,690,0.0003,1.150926947593689,0.006055708,8.868119239807129,81.50913349986077,0.11130261,0.9168939888477325,0.2,0.404199219
460.6908392980025,143000,282.6,,,,,,,,,,,,,,,,
,143360,,266.6,28,4976,70,426.2131436,,,,,,,,,,,
458.22989910990293,144000,290.6,,,,,,-3.119548663,700,0.0003,1.153219223022461,0.014432421530364082,12.810770988464355,44.19490144103766,0.073353395,0.9525659270584583,0.2,0.448925781
458.4482730838296,145000,285.4,,,,,,,,,,,,,,,,
,145408,,264.35,28,5054,71,429.97812197999997,,,,,,,,,,,
933.3288378343219,146000,488,,,,,,-3.107695385,710,0.0003,1.1369538307189941,0.00817906,9.146616936,79.80546216666698,0.19612563,0.898652159,0.2,0.404541016
1020.8065060713561,147000,530.4,,,,,,,,,,,,,,,,
,147456,,260.73,28,5155,72,431.98150882999994,,,,,,,,,,,
1039.4487128843175,148000,533.8,,,,,,-3.092711926,720,0.0003,1.1357749700546265,0.009904373,31.433971405029297,116.23490994274616,0.07900411,0.8390381038188934,0.2,0.427880859
700.3626938,149000,349.8,,,,,,,,,,,,,,,,
,149504,,248.52,28,5248,73,427.936224,,,,,,,,,,,
2047.2436476973387,150000,979.8,,,,,,-3.090540151,730,0.0003,1.1335945129394531,0.00494691,16.34114646911621,107.32070426940918,0.11021862,0.8716599643230438,0.2,0.428857422
1275.879484455983,151000,601,,,,,,,,,,,,,,,,
1265.1810078104013,152000,,242.75,28,5376,74,,,,,,,,,,,,
,152048,320.6,,,,,431.5310924,-3.093169829,740,0.0003,1.1389367580413818,0.006850235,6.563819408416748,50.40942491590977,0.09916205,0.9177504703402519,0.2,0.445849609
1264.3558073676759,153000,324,,,,,,,,,,,,,,,,
1021.0346466024181,154000,,241.76,28,5454,75,,,,,,,,,,,,
,154096,147.8,,,,,434.45889474999996,-3.100206361,750,0.0003,1.1428735256195068,0.048657473,4.624855041503906,68.67848251014948,0.61022514,0.8940485268831253,0.2,0.536474609
432.3441830437281,155000,160.8,,,,,,,,,,,,,,,,
433.11428236445136,156000,,231.28,28,5521,76,,,,,,,,,,,,
,156144,205.6,,,,,443.685348,-3.101815215,760,0.0003,1.1385916471481323,0.010426175377506296,6.0017523765563965,63.653892101347445,0.108904526,0.8990834802389145,0.2,0.432666016
456.92708100621604,157000,204.2,,,,,,,,,,,,,,,,
454.5812332407957,158000,,221.54,28,5592,77,,,,,,,,,,,,
,158192,202.8,,,,,450.25459427000004,-3.104634918,770,0.0003,1.1470177173614502,0.022685018,19.282182693481445,72.41808526217937,0.05149867,0.9321614801883698,0.2,0.497460938
425.7913883,159000,195.6,,,,,,,,,,,,,,,,
425.0172163643139,160000,,210.58,28,5662,78,,,,,,,,,,,,
,160240,330,,,,,453.0481437,-3.106559423,780,0.0003,1.140868902206421,0.014003073300409596,8.678894043,90.56233764737844,0.13099058,0.893564299,0.2,0.454638672
194.60260396871817,161000,200.2,,,,,,,,,,,,,,,,
189.43049445326324,162000,,204.74,28,5739,79,,,,,,,,,,,,
,162288,40.4,,,,,457.48057606000003,-3.103988574,790,0.0003,1.1454691886901855,0.24252733141911448,5.496639251708984,58.992618054151535,39.45871,0.9159737229347229,0.2,0.736279297
213.3398203504752,163000,41.8,,,,,,,,,,,,,,,,
216.00489835867558,164000,,123.44,28,5838,80,,,,,,,,,,,,
,164336,44,,,,,439.0791992,-3.106314141,800,0.0003,1.136647343635559,0.09725298,61.71282196044922,194.5184149324894,6.126479,0.38340848684310913,0.2,0.847460938
381.61065521976195,165000,45.2,,,,,,,,,,,,,,,,
383.57878529050794,166000,,54.7,27,5933,81,,,,,,,,,,,,
,166384,53.2,,,,,432.23494420000003,-3.081531694,810,0.0003,1.1134154796600342,0.019791251,49.117637634277344,67.83494798392057,18.361332,0.6636011898517609,0.2,0.828027344
372.2725445618365,167000,55,,,,,,,,,,,,,,,,
372.7071250566645,168000,,48.24,27,6021,82,,,,,,,,,,,,
,168432,161,,,,,434.7950916,-3.033769029,820,0.0003,1.0808634757995605,0.041294887,5.088567257,19.208325150795282,17.173496,0.5881485342979431,0.2,0.758935547
360.4452730058729,169000,161,,,,,,,,,,,,,,,,
360.0064486211733,170000,,63.31,27,6089,83,,,,,,,,,,,,
,170480,161,,,,,431.0266543799999,-2.987518307,830,0.0003,1.078095794,0.24106084082741291,14.451845169067383,39.26072500646114,21.472921,0.671293318,0.2,0.98671875
364.00026937103394,171000,161,,,,,,,,,,,,,,,,
374.54194102426993,172000,161,,,,,,,,,,,,,,,,
,172528,,75.65,27,6178,84,432.1294904,,,,,,,,,,,
119.67383711220027,173000,161,,,,,,-2.947281406,840,0.0003,1.0313427448272705,-0.021334514,1.8396300077438354,4.712958785,5.0962434,0.45371943712234497,0.2,0.691943359
119.93062123435303,174000,,,,,,,,,,,,,,,,,
,174576,,,,,,434.3625127,,,,,,,,,,,
-0.994204109,175000,,,,,,,,,,,,,,,,,
-0.994205348,176000,,,,,,,,,,,,,,,,,
,176624,,,,,,411.9732772,,,,,,,,,,,
34.47991510264692,177000,,,,,,,,,,,,,,,,,
28.11617622800477,178000,,,,,,,,,,,,,,,,,
,178672,,,,,,404.3852773,,,,,,,,,,,
91.78622891,179000,,,,,,,,,,,,,,,,,
87.39691279714025,180000,,,,,,,,,,,,,,,,,
,180720,,,,,,380.19258709999997,,,,,,,,,,,
56.06599539730742,181000,,,,,,,,,,,,,,,,,
57.53527718848272,182000,,,,,,,,,,,,,,,,,
,182768,,,,,,357.8486543,,,,,,,,,,,
17.77885957993858,183000,,,,,,,,,,,,,,,,,
18.052149800016196,184000,,,,,,,,,,,,,,,,,
,184816,,,,,,307.33228579999997,,,,,,,,,,,
18.787412642828713,185000,,,,,,,,,,,,,,,,,
18.660789915314673,186000,,,,,,,,,,,,,,,,,
,186864,,,,,,270.22265648999996,,,,,,,,,,,
126.56078745876657,187000,,,,,,,,,,,,,,,,,
124.3963884649529,188000,,,,,,,,,,,,,,,,,
,188912,,,,,,261.4934005,,,,,,,,,,,
113.32055465464073,189000,,,,,,,,,,,,,,,,,
112.90678870849733,190000,,,,,,,,,,,,,,,,,
,190960,,,,,,255.87627048000002,,,,,,,,,,,
127.2163775878449,191000,,,,,,,,,,,,,,,,,
126.7827842650855,192000,,,,,,,,,,,,,,,,,
129.20989040732312,193000,,,,,,,,,,,,,,,,,
,193008,,,,,,247.7199868,,,,,,,,,,,
127.91504657169716,194000,,,,,,,,,,,,,,,,,
124.7456629782624,195000,,,,,,,,,,,,,,,,,
,195056,,,,,,238.0959807,,,,,,,,,,,
140.82914631781023,196000,,,,,,,,,,,,,,,,,
139.4750868425981,197000,,,,,,,,,,,,,,,,,
,197104,,,,,,231.6576676,,,,,,,,,,,
239.8373346,198000,,,,,,,,,,,,,,,,,
263.7918110894825,199000,,,,,,,,,,,,,,,,,
,199152,,,,,,233.4361802,,,,,,,,,,,
94.01477975402959,200000,,,,,,,,,,,,,,,,,
94.46787296227849,201000,,,,,,,,,,,,,,,,,
,201200,,,,,,217.50560570000002,,,,,,,,,,,
100.75653657204748,202000,,,,,,,,,,,,,,,,,
100.30777299297696,203000,,,,,,,,,,,,,,,,,
,203248,,,,,,218.42254443000002,,,,,,,,,,,
350.924241,204000,,,,,,,,,,,,,,,,,
305.21879582513867,205000,,,,,,,,,,,,,,,,,
,205296,,,,,,234.6853786,,,,,,,,,,,
414.61277382891785,206000,,,,,,,,,,,,,,,,,
412.1814977,207000,,,,,,,,,,,,,,,,,
,207344,,,,,,246.2013422,,,,,,,,,,,
344.6055531314349,208000,,,,,,,,,,,,,,,,,
380.83975395192465,209000,,,,,,,,,,,,,,,,,
,209392,,,,,,271.55960941999996,,,,,,,,,,,
157.62341081200503,210000,,,,,,,,,,,,,,,,,
165.57743468931295,211000,,,,,,,,,,,,,,,,,
,211440,,,,,,279.27440251999997,,,,,,,,,,,
410.3544918032247,212000,,,,,,,,,,,,,,,,,
394.9822430996064,213000,,,,,,,,,,,,,,,,,
,213488,,,,,,287.91715984999996,,,,,,,,,,,
425.2964441597149,214000,,,,,,,,,,,,,,,,,
422.5267312027892,215000,,,,,,,,,,,,,,,,,
,215536,,,,,,290.25840760000006,,,,,,,,,,,
417.23305703698935,216000,,,,,,,,,,,,,,,,,
413.66693809105635,217000,,,,,,,,,,,,,,,,,
,217584,,,,,,296.62181135000003,,,,,,,,,,,
411.11507604707367,218000,,,,,,,,,,,,,,,,,
348.5730197760146,219000,,,,,,,,,,,,,,,,,
,219632,,,,,,269.4623401199999,,,,,,,,,,,
392.58118481042254,220000,,,,,,,,,,,,,,,,,
436.9971393,221000,,,,,,,,,,,,,,,,,
,221680,,,,,,266.92923831999997,,,,,,,,,,,
110.81724618133958,222000,,,,,,,,,,,,,,,,,
112.88928540094057,223000,,,,,,,,,,,,,,,,,
,223728,,,,,,286.76618304999994,,,,,,,,,,,
246.9301054484262,224000,,,,,,,,,,,,,,,,,
249.77292240371827,225000,,,,,,,,,,,,,,,,,
,225776,,,,,,294.0910294,,,,,,,,,,,
107.40198844283005,226000,,,,,,,,,,,,,,,,,
109.65045613174007,227000,,,,,,,,,,,,,,,,,
,227824,,,,,,302.9338302,,,,,,,,,,,
103.46905214530489,228000,,,,,,,,,,,,,,,,,
101.71085184246112,229000,,,,,,,,,,,,,,,,,
,229872,,,,,,301.7324045,,,,,,,,,,,
116.06929184720721,230000,,,,,,,,,,,,,,,,,
112.793984,231000,,,,,,,,,,,,,,,,,
,231920,,,,,,290.0997601,,,,,,,,,,,
35.99257096477159,232000,,,,,,,,,,,,,,,,,
36.59974748865716,233000,,,,,,,,,,,,,,,,,
,233968,,,,,,263.9352577,,,,,,,,,,,
35.71278475556464,234000,,,,,,,,,,,,,,,,,
35.84403087118626,235000,,,,,,,,,,,,,,,,,
35.07335431225802,236000,,,,,,,,,,,,,,,,,
,236016,,,,,,229.09719475999998,,,,,,,,,,,
46.42108748206592,237000,,,,,,,,,,,,,,,,,
45.77364038019077,238000,,,,,,,,,,,,,,,,,
,238064,,,,,,206.44110250999998,,,,,,,,,,,
49.69164020703029,239000,,,,,,,,,,,,,,,,,
48.28513033622221,240000,,,,,,,,,,,,,,,,,
,240112,,,,,,196.44901657000003,,,,,,,,,,,
39.89713230885682,241000,,,,,,,,,,,,,,,,,
40.37848961714262,242000,,,,,,,,,,,,,,,,,
,242160,,,,,,180.5386575,,,,,,,,,,,
32.545273263400304,243000,,,,,,,,,,,,,,,,,
32.496798526594645,244000,,,,,,,,,,,,,,,,,
,244208,,,,,,148.3679564,,,,,,,,,,,
25.460974525520577,245000,,,,,,,,,,,,,,,,,
25.425858492379483,246000,,,,,,,,,,,,,,,,,
,246256,,,,,,123.5194481,,,,,,,,,,,
29.594753641358693,247000,,,,,,,,,,,,,,,,,
29.887467343167373,248000,,,,,,,,,,,,,,,,,
,248304,,,,,,96.67390913999999,,,,,,,,,,,
36.27806813946226,249000,,,,,,,,,,,,,,,,,
37.00756437374148,250000,,,,,,,,,,,,,,,,,
,250352,,,,,,96.00335591999998,,,,,,,,,,,
36.24086260482873,251000,,,,,,,,,,,,,,,,,
36.51474169,252000,,,,,,,,,,,,,,,,,
,252400,,,,,,95.62754283999999,,,,,,,,,,,
41.19242955,253000,,,,,,,,,,,,,,,,,
42.761781691159555,254000,,,,,,,,,,,,,,,,,
,254448,,,,,,96.22822531000001,,,,,,,,,,,
59.45426132426219,255000,,,,,,,,,,,,,,,,,
59.61105552816516,256000,,,,,,,,,,,,,,,,,
,256496,,,,,,96.33653815999998,,,,,,,,,,,
58.01949974060553,257000,,,,,,,,,,,,,,,,,
57.31150296494525,258000,,,,,,,,,,,,,,,,,
,258544,,,,,,95.31715261,,,,,,,,,,,
62.80422272486103,259000,,,,,,,,,,,,,,,,,
61.83052898783062,260000,,,,,,,,,,,,,,,,,
,260592,,,,,,97.08824083999998,,,,,,,,,,,
66.92279321589157,261000,,,,,,,,,,,,,,,,,
66.08382037179763,262000,,,,,,,,,,,,,,,,,
,262640,,,,,,99.34496538000002,,,,,,,,,,,
61.29885010461366,263000,,,,,,,,,,,,,,,,,
60.32727415,264000,,,,,,,,,,,,,,,,,
,264688,,,,,,100.89817082000002,,,,,,,,,,,
65.40663441683428,265000,,,,,,,,,,,,,,,,,
59.43039861637008,266000,,,,,,,,,,,,,,,,,
,266736,,,,,,100.7439132,,,,,,,,,,,
57.38524310671928,267000,,,,,,,,,,,,,,,,,
63.27339955301577,268000,,,,,,,,,,,,,,,,,
,268784,,,,,,101.9182449,,,,,,,,,,,
60.530375736523276,269000,,,,,,,,,,,,,,,,,
58.026978655165294,270000,,,,,,,,,,,,,,,,,
,270832,,,,,,101.64328000000003,,,,,,,,,,,
59.02954082195574,271000,,,,,,,,,,,,,,,,,
54.66581582952203,272000,,,,,,,,,,,,,,,,,
,272880,,,,,,100.21702223999999,,,,,,,,,,,
73.08799277001454,273000,,,,,,,,,,,,,,,,,
73.06489936933649,274000,,,,,,,,,,,,,,,,,
,274928,,,,,,101.18366299999998,,,,,,,,,,,
88.44757075992383,275000,,,,,,,,,,,,,,,,,
91.42347216,276000,,,,,,,,,,,,,,,,,
,276976,,,,,,102.02146040000001,,,,,,,,,,,
108.34731827897266,277000,,,,,,,,,,,,,,,,,
107.8083750939957,278000,,,,,,,,,,,,,,,,,
110.8918204034715,279000,,,,,,,,,,,,,,,,,
,279024,,,,,,103.40799842999999,,,,,,,,,,,
120.16824279360954,280000,,,,,,,,,,,,,,,,,
124.23091060303705,281000,,,,,,,,,,,,,,,,,
,281072,,,,,,106.52152135000001,,,,,,,,,,,
127.37733101466365,282000,,,,,,,,,,,,,,,,,
119.6138893,283000,,,,,,,,,,,,,,,,,
,283120,,,,,,111.83328266000001,,,,,,,,,,,
134.88733407395702,284000,,,,,,,,,,,,,,,,,
126.64724554048954,285000,,,,,,,,,,,,,,,,,
,285168,,,,,,116.04758155999998,,,,,,,,,,,
132.5956893072922,286000,,,,,,,,,,,,,,,,,
134.1215854494796,287000,,,,,,,,,,,,,,,,,
,287216,,,,,,123.12003134999999,,,,,,,,,,,
120.36960031278723,288000,,,,,,,,,,,,,,,,,
118.02876533012459,289000,,,,,,,,,,,,,,,,,
,289264,,,,,,126.52143136999999,,,,,,,,,,,
116.52914209112859,290000,,,,,,,,,,,,,,,,,
117.49169754055693,291000,,,,,,,,,,,,,,,,,
,291312,,,,,,131.33426953999998,,,,,,,,,,,
96.82598514222191,292000,,,,,,,,,,,,,,,,,
97.99013172650957,293000,,,,,,,,,,,,,,,,,
,293360,,,,,,133.06194796999998,,,,,,,,,,,
137.1991621,294000,,,,,,,,,,,,,,,,,
138.4445467897749,295000,,,,,,,,,,,,,,,,,
,295408,,,,,,134.935894,,,,,,,,,,,
140.3160784441192,296000,,,,,,,,,,,,,,,,,
138.92449968213623,297000,,,,,,,,,,,,,,,,,
,297456,,,,,,140.2065479,,,,,,,,,,,
142.48387769575274,298000,,,,,,,,,,,,,,,,,
141.8755236851983,299000,,,,,,,,,,,,,,,,,
,299504,,,,,,144.942251,,,,,,,,,,,
141.07477720067618,300000,,,,,,,,,,,,,,,,,
142.66628395217194,301000,,,,,,,,,,,,,,,,,
,301552,,,,,,149.669199,,,,,,,,,,,
147.992387,302000,,,,,,,,,,,,,,,,,
145.77772859960533,303000,,,,,,,,,,,,,,,,,
,303600,,,,,,153.11350561999998,,,,,,,,,,,
150.52770124842937,304000,,,,,,,,,,,,,,,,,
154.08559205136117,305000,,,,,,,,,,,,,,,,,
,305648,,,,,,158.35708932000003,,,,,,,,,,,
160.86366763888728,306000,,,,,,,,,,,,,,,,,
145.29709801755524,307000,,,,,,,,,,,,,,,,,
,307696,,,,,,160.6627356,,,,,,,,,,,
131.05372847363324,308000,,,,,,,,,,,,,,,,,
138.34719518669152,309000,,,,,,,,,,,,,,,,,
,309744,,,,,,167.2324412,,,,,,,,,,,
127.76902686078901,310000,,,,,,,,,,,,,,,,,
134.08425054346154,311000,,,,,,,,,,,,,,,,,
,311792,,,,,,171.85135338000003,,,,,,,,,,,
183.46169489825843,312000,,,,,,,,,,,,,,,,,
219.60263353036936,313000,,,,,,,,,,,,,,,,,
,313840,,,,,,172.5533879,,,,,,,,,,,
153.50551857930841,314000,,,,,,,,,,,,,,,,,
139.08994016633005,315000,,,,,,,,,,,,,,,,,
,315888,,,,,,173.10793447000003,,,,,,,,,,,
227.10265579535334,316000,,,,,,,,,,,,,,,,,
276.7518680487286,317000,,,,,,,,,,,,,,,,,
,317936,,,,,,181.52043208000003,,,,,,,,,,,
253.00670983089512,318000,,,,,,,,,,,,,,,,,
215.89944171634562,319000,,,,,,,,,,,,,,,,,
,319984,,,,,,174.87104164000002,,,,,,,,,,,
317.6728902302144,320000,,,,,,,,,,,,,,,,,
312.46371546948865,321000,,,,,,,,,,,,,,,,,
271.4524968118203,322000,,,,,,,,,,,,,,,,,
,322032,,,,,,172.5191835,,,,,,,,,,,
253.16405443997573,323000,,,,,,,,,,,,,,,,,
255.0814855584111,324000,,,,,,,,,,,,,,,,,
,324080,,,,,,177.24142929999994,,,,,,,,,,,
130.64307569811572,325000,,,,,,,,,,,,,,,,,
140.09977089395034,326000,,,,,,,,,,,,,,,,,
,326128,,,,,,174.30328219000003,,,,,,,,,,,
110.75640133872002,327000,,,,,,,,,,,,,,,,,
120.18268094419473,328000,,,,,,,,,,,,,,,,,
,328176,,,,,,169.0084891,,,,,,,,,,,
121.36300711407311,329000,,,,,,,,,,,,,,,,,
119.98016997574669,330000,,,,,,,,,,,,,,,,,
,330224,,,,,,163.6893839,,,,,,,,,,,
115.01767563680042,331000,,,,,,,,,,,,,,,,,
115.77569243876277,332000,,,,,,,,,,,,,,,,,
,332272,,,,,,147.94395645999998,,,,,,,,,,,
117.49302798984499,333000,,,,,,,,,,,,,,,,,
115.90944548873085,334000,,,,,,,,,,,,,,,,,
,334320,,,,,,148.5793437,,,,,,,,,,,
124.79398592967846,335000,,,,,,,,,,,,,,,,,
123.05500300182175,336000,,,,,,,,,,,,,,,,,
,336368,,,,,,152.3554446,,,,,,,,,,,
120.23155255337478,337000,,,,,,,,,,,,,,,,,
119.51930333994241,338000,,,,,,,,,,,,,,,,,
,338416,,,,,,149.7455866,,,,,,,,,,,
131.48828842587756,339000,,,,,,,,,,,,,,,,,
133.07169889687066,340000,,,,,,,,,,,,,,,,,
,340464,,,,,,138.87354808999999,,,,,,,,,,,
131.52654392490294,341000,,,,,,,,,,,,,,,,,
140.26445736430543,342000,,,,,,,,,,,,,,,,,
,342512,,,,,,139.72129471999997,,,,,,,,,,,
201.31705417367192,343000,,,,,,,,,,,,,,,,,
152.78946743170528,344000,,,,,,,,,,,,,,,,,
,344560,,,,,,143.29429179000002,,,,,,,,,,,
195.86835819768385,345000,,,,,,,,,,,,,,,,,
233.8260304563606,346000,,,,,,,,,,,,,,,,,
,346608,,,,,,150.3018148,,,,,,,,,,,
309.221193,347000,,,,,,,,,,,,,,,,,
341.09904613652395,348000,,,,,,,,,,,,,,,,,
,348656,,,,,,164.4216584,,,,,,,,,,,
200.2841931542076,349000,,,,,,,,,,,,,,,,,
219.93904578426736,350000,,,,,,,,,,,,,,,,,
,350704,,,,,,172.70630964000003,,,,,,,,,,,
328.0946246447369,351000,,,,,,,,,,,,,,,,,
219.77452458200932,352000,,,,,,,,,,,,,,,,,
,352752,,,,,,182.5933898,,,,,,,,,,,
248.61882355736233,353000,,,,,,,,,,,,,,,,,
254.9310544347827,354000,,,,,,,,,,,,,,,,,
,354800,,,,,,198.53064435999997,,,,,,,,,,,
285.6840175395722,355000,,,,,,,,,,,,,,,,,
316.49927271442937,356000,,,,,,,,,,,,,,,,,
,356848,,,,,,209.041531,,,,,,,,,,,
283.9701155833536,357000,,,,,,,,,,,,,,,,,
258.16764257599937,358000,,,,,,,,,,,,,,,,,
,358896,,,,,,228.94863729999994,,,,,,,,,,,
320.30469318699323,359000,,,,,,,,,,,,,,,,,
277.42877579450504,360000,,,,,,,,,,,,,,,,,
,360944,,,,,,239.41954436999995,,,,,,,,,,,
251.52220155097967,361000,,,,,,,,,,,,,,,,,
308.62450407160867,362000,,,,,,,,,,,,,,,,,
,362992,,,,,,243.62009,,,,,,,,,,,
125.75709219982528,363000,,,,,,,,,,,,,,,,,
240.4198536450007,364000,,,,,,,,,,,,,,,,,
212.88254468259112,365000,,,,,,,,,,,,,,,,,
,365040,,,,,,232.29586470999996,,,,,,,,,,,
278.6090709750657,366000,,,,,,,,,,,,,,,,,
265.62563427279673,367000,,,,,,,,,,,,,,,,,
,367088,,,,,,221.67844008999998,,,,,,,,,,,
334.1264206872467,368000,,,,,,,,,,,,,,,,,
268.84899914223644,369000,,,,,,,,,,,,,,,,,
,369136,,,,,,213.3156579,,,,,,,,,,,
330.7648574,370000,,,,,,,,,,,,,,,,,
295.3555932636424,371000,,,,,,,,,,,,,,,,,
,371184,,,,,,199.92236201999995,,,,,,,,,,,
300.1004600517314,372000,,,,,,,,,,,,,,,,,
393.30184614103416,373000,,,,,,,,,,,,,,,,,
,373232,,,,,,195.47287755000002,,,,,,,,,,,
339.95678943797174,374000,,,,,,,,,,,,,,,,,
237.31361942140066,375000,,,,,,,,,,,,,,,,,
,375280,,,,,,207.6280863,,,,,,,,,,,
285.3470846305543,376000,,,,,,,,,,,,,,,,,
302.84205737350055,377000,,,,,,,,,,,,,,,,,
,377328,,,,,,219.05910485999996,,,,,,,,,,,
283.07530533583997,378000,,,,,,,,,,,,,,,,,
193.90528066202242,379000,,,,,,,,,,,,,,,,,
,379376,,,,,,222.3826374,,,,,,,,,,,
385.8074621857719,380000,,,,,,,,,,,,,,,,,
344.26304730361005,381000,,,,,,,,,,,,,,,,,
,381424,,,,,,232.95574163999999,,,,,,,,,,,
350.3236846278087,382000,,,,,,,,,,,,,,,,,
341.7789407353499,383000,,,,,,,,,,,,,,,,,
,383472,,,,,,224.9309478,,,,,,,,,,,
272.2866892520571,384000,,,,,,,,,,,,,,,,,
346.33347639852144,385000,,,,,,,,,,,,,,,,,
,385520,,,,,,228.8644116,,,,,,,,,,,
153.03006814047185,386000,,,,,,,,,,,,,,,,,
319.70285596152536,387000,,,,,,,,,,,,,,,,,
,387568,,,,,,216.22728747000002,,,,,,,,,,,
260.88807862554165,388000,,,,,,,,,,,,,,,,,
270.18495075600583,389000,,,,,,,,,,,,,,,,,
,389616,,,,,,215.98046921000002,,,,,,,,,,,
346.02021783123274,390000,,,,,,,,,,,,,,,,,
468.97161682855074,391000,,,,,,,,,,,,,,,,,
,391664,,,,,,230.63656779000002,,,,,,,,,,,
348.11948236956084,392000,,,,,,,,,,,,,,,,,
402.80392723344846,393000,,,,,,,,,,,,,,,,,
,393712,,,,,,231.48808196000002,,,,,,,,,,,
419.1088916878296,394000,,,,,,,,,,,,,,,,,
462.35872385647673,395000,,,,,,,,,,,,,,,,,
,395760,,,,,,231.66345721000002,,,,,,,,,,,
332.3812955937901,396000,,,,,,,,,,,,,,,,,
316.5983209771519,397000,,,,,,,,,,,,,,,,,
,397808,,,,,,236.12757930000004,,,,,,,,,,,
295.99995766189534,398000,,,,,,,,,,,,,,,,,
316.94857232267606,399000,,,,,,,,,,,,,,,,,
,399856,,,,,,232.23243367000003,,,,,,,,,,,
350.07136125613107,400000,,,,,,,,,,,,,,,,,
445.8355292751454,401000,,,,,,,,,,,,,,,,,
,401904,,,,,,234.65766343000007,,,,,,,,,,,
247.45644266671516,402000,,,,,,,,,,,,,,,,,
337.9374756512669,403000,,,,,,,,,,,,,,,,,
,403952,,,,,,235.6343766,,,,,,,,,,,
220.7378703,404000,,,,,,,,,,,,,,,,,
271.48934384683963,405000,,,,,,,,,,,,,,,,,
214.95866562118462,406000,,,,,,,,,,,,,,,,,
,406000,,,,,,233.128512,,,,,,,,,,,
140.0448503,407000,,,,,,,,,,,,,,,,,
141.1559744903396,408000,,,,,,,,,,,,,,,,,
,408048,,,,,,226.56047900000002,,,,,,,,,,,
135.75724233690636,409000,,,,,,,,,,,,,,,,,
134.7027575439475,410000,,,,,,,,,,,,,,,,,
,410096,,,,,,210.92979700999996,,,,,,,,,,,
133.9370009176433,411000,,,,,,,,,,,,,,,,,
127.91979621937716,412000,,,,,,,,,,,,,,,,,
,412144,,,,,,195.99752158999996,,,,,,,,,,,
123.49222176589902,413000,,,,,,,,,,,,,,,,,
122.37614243481148,414000,,,,,,,,,,,,,,,,,
,414192,,,,,,187.2117298,,,,,,,,,,,
113.70222983572748,415000,,,,,,,,,,,,,,,,,
124.75432974593642,416000,,,,,,,,,,,,,,,,,
,416240,,,,,,173.823647,,,,,,,,,,,
137.7290507,417000,,,,,,,,,,,,,,,,,
138.38133353010707,418000,,,,,,,,,,,,,,,,,
,418288,,,,,,170.17198066000003,,,,,,,,,,,
138.52182907721217,419000,,,,,,,,,,,,,,,,,
135.24975196827873,420000,,,,,,,,,,,,,,,,,
,420336,,,,,,154.75523435000002,,,,,,,,,,,
135.68753082381954,421000,,,,,,,,,,,,,,,,,
133.9363896100229,422000,,,,,,,,,,,,,,,,,
,422384,,,,,,145.9934449,,,,,,,,,,,
132.50833133945707,423000,,,,,,,,,,,,,,,,,
124.81051825485338,424000,,,,,,,,,,,,,,,,,
,424432,,,,,,140.7798748,,,,,,,,,,,
138.18888840095968,425000,,,,,,,,,,,,,,,,,
140.8978927264121,426000,,,,,,,,,,,,,,,,,
,426480,,,,,,142.3322516,,,,,,,,,,,
145.01697236656182,427000,,,,,,,,,,,,,,,,,
137.93761050594694,428000,,,,,,,,,,,,,,,,,
,428528,,,,,,150.44259752000002,,,,,,,,,,,
172.92632233065305,429000,,,,,,,,,,,,,,,,,
157.38231700727337,430000,,,,,,,,,,,,,,,,,
,430576,,,,,,159.2865748,,,,,,,,,,,
166.43080561068638,431000,,,,,,,,,,,,,,,,,
186.16694014676395,432000,,,,,,,,,,,,,,,,,
,432624,,,,,,166.5814488,,,,,,,,,,,
166.37705545755816,433000,,,,,,,,,,,,,,,,,
170.55945250021395,434000,,,,,,,,,,,,,,,,,
,434672,,,,,,170.78879203999998,,,,,,,,,,,
180.60179967545918,435000,,,,,,,,,,,,,,,,,
192.9158284723031,436000,,,,,,,,,,,,,,,,,
,436720,,,,,,172.6128975,,,,,,,,,,,
174.28631033977072,437000,,,,,,,,,,,,,,,,,
191.96940187860164,438000,,,,,,,,,,,,,,,,,
,438768,,,,,,179.1442666,,,,,,,,,,,
152.42642230190395,439000,,,,,,,,,,,,,,,,,
169.84930304063892,440000,,,,,,,,,,,,,,,,,
,440816,,,,,,183.18288527999997,,,,,,,,,,,
155.06084939911452,441000,,,,,,,,,,,,,,,,,
153.3681521264516,442000,,,,,,,,,,,,,,,,,
,442864,,,,,,184.24332334000002,,,,,,,,,,,
133.82903331433334,443000,,,,,,,,,,,,,,,,,
146.88254603299865,444000,,,,,,,,,,,,,,,,,
,444912,,,,,,182.28942452999996,,,,,,,,,,,
147.42800617441898,445000,,,,,,,,,,,,,,,,,
155.92862382648747,446000,,,,,,,,,,,,,,,,,
,446960,,,,,,172.07535934999999,,,,,,,,,,,
163.28219255117293,447000,,,,,,,,,,,,,,,,,
157.0877522702336,448000,,,,,,,,,,,,,,,,,
157.97011289980802,449000,,,,,,,,,,,,,,,,,
,449008,,,,,,164.93079288000004,,,,,,,,,,,
158.56925107138667,450000,,,,,,,,,,,,,,,,,
161.9728433385877,451000,,,,,,,,,,,,,,,,,
,451056,,,,,,161.5061328,,,,,,,,,,,
145.20483388996217,452000,,,,,,,,,,,,,,,,,
151.1695190910752,453000,,,,,,,,,,,,,,,,,
,453104,,,,,,161.10879248999998,,,,,,,,,,,
191.40498649817602,454000,,,,,,,,,,,,,,,,,
186.88861236959056,455000,,,,,,,,,,,,,,,,,
,455152,,,,,,159.2477732,,,,,,,,,,,
166.1152923039619,456000,,,,,,,,,,,,,,,,,
152.30663387886233,457000,,,,,,,,,,,,,,,,,
,457200,,,,,,158.02191821999998,,,,,,,,,,,
181.01491894765496,458000,,,,,,,,,,,,,,,,,
194.33914941197145,459000,,,,,,,,,,,,,,,,,
,459248,,,,,,165.9168532,,,,,,,,,,,
202.19865650464416,460000,,,,,,,,,,,,,,,,,
170.24537491756638,461000,,,,,,,,,,,,,,,,,
,461296,,,,,,170.05614407000002,,,,,,,,,,,
207.6889283522418,462000,,,,,,,,,,,,,,,,,
205.79033085857446,463000,,,,,,,,,,,,,,,,,
,463344,,,,,,181.84855374999995,,,,,,,,,,,
187.03493894407148,464000,,,,,,,,,,,,,,,,,
221.49315987256122,465000,,,,,,,,,,,,,,,,,
,465392,,,,,,186.866006,,,,,,,,,,,
239.18375181123557,466000,,,,,,,,,,,,,,,,,
215.7848186081341,467000,,,,,,,,,,,,,,,,,
,467440,,,,,,191.49841719000003,,,,,,,,,,,
183.94242861804815,468000,,,,,,,,,,,,,,,,,
189.4545252768039,469000,,,,,,,,,,,,,,,,,
,469488,,,,,,191.7834745,,,,,,,,,,,
176.65343216768088,470000,,,,,,,,,,,,,,,,,
176.53428241972287,471000,,,,,,,,,,,,,,,,,
,471536,,,,,,191.4214429,,,,,,,,,,,
149.66988695380496,472000,,,,,,,,,,,,,,,,,
169.79273470679982,473000,,,,,,,,,,,,,,,,,
,473584,,,,,,190.3799666,,,,,,,,,,,
160.84663135022203,474000,,,,,,,,,,,,,,,,,
155.21234596100186,475000,,,,,,,,,,,,,,,,,
,475632,,,,,,188.33580601000003,,,,,,,,,,,
157.83473670382227,476000,,,,,,,,,,,,,,,,,
164.61775667199473,477000,,,,,,,,,,,,,,,,,
,477680,,,,,,181.63897944000004,,,,,,,,,,,
152.20216169195845,478000,,,,,,,,,,,,,,,,,
145.08176668133018,479000,,,,,,,,,,,,,,,,,
,479728,,,,,,173.4210619,,,,,,,,,,,
165.57982531193048,480000,,,,,,,,,,,,,,,,,
157.5389284579498,481000,,,,,,,,,,,,,,,,,
,481776,,,,,,168.268951,,,,,,,,,,,
170.89739420544066,482000,,,,,,,,,,,,,,,,,
181.10656186775668,483000,,,,,,,,,,,,,,,,,
,483824,,,,,,167.53213047000006,,,,,,,,,,,
194.12993605111768,484000,,,,,,,,,,,,,,,,,
191.01789320613534,485000,,,,,,,,,,,,,,,,,
,485872,,,,,,168.1909423,,,,,,,,,,,
215.19271058090672,486000,,,,,,,,,,,,,,,,,
197.28857669161516,487000,,,,,,,,,,,,,,,,,
,487920,,,,,,174.4239825,,,,,,,,,,,
223.0578842,488000,,,,,,,,,,,,,,,,,
200.60312171288678,489000,,,,,,,,,,,,,,,,,
,489968,,,,,,180.85378686000004,,,,,,,,,,,
172.72507782819156,490000,,,,,,,,,,,,,,,,,
154.7302822806545,491000,,,,,,,,,,,,,,,,,
188.2767106456544,492000,,,,,,,,,,,,,,,,,
,492016,,,,,,181.98814845999996,,,,,,,,,,,
176.07434359828767,493000,,,,,,,,,,,,,,,,,
152.06059123570668,494000,,,,,,,,,,,,,,,,,
,494064,,,,,,179.82976691999997,,,,,,,,,,,
173.48467754657833,495000,,,,,,,,,,,,,,,,,
155.21065099226908,496000,,,,,,,,,,,,,,,,,
,496112,,,,,,178.17102324999996,,,,,,,,,,,
148.8412648195452,497000,,,,,,,,,,,,,,,,,
143.12475546829666,498000,,,,,,,,,,,,,,,,,
,498160,,,,,,176.29377201999995,,,,,,,,,,,
140.06202129714512,499000,,,,,,,,,,,,,,,,,
135.63061890694735,500000,,,,,,,,,,,,,,,,,
,500208,,,,,,173.69408469999996,,,,,,,,,,,
126.48087289332906,501000,,,,,,,,,,,,,,,,,
119.90043888311557,502000,,,,,,,,,,,,,,,,,
,502256,,,,,,168.1315931,,,,,,,,,,,
146.94904496043674,503000,,,,,,,,,,,,,,,,,
137.37216851930134,504000,,,,,,,,,,,,,,,,,
,504304,,,,,,161.43983312999998,,,,,,,,,,,
123.20371181192021,505000,,,,,,,,,,,,,,,,,
143.9098078541145,506000,,,,,,,,,,,,,,,,,
,506352,,,,,,148.0568963,,,,,,,,,,,
145.92312316785538,507000,,,,,,,,,,,,,,,,,
166.40578158032002,508000,,,,,,,,,,,,,,,,,
,508400,,,,,,145.1190217,,,,,,,,,,,
131.02068661055964,509000,,,,,,,,,,,,,,,,,
128.52271856148872,510000,,,,,,,,,,,,,,,,,
,510448,,,,,,140.7484152,,,,,,,,,,,
132.99629097799624,511000,,,,,,,,,,,,,,,,,
136.72892430705105,512000,,,,,,,,,,,,,,,,,
,512496,,,,,,136.22649002999998,,,,,,,,,,,
150.28513482542985,513000,,,,,,,,,,,,,,,,,
137.81304481836196,514000,,,,,,,,,,,,,,,,,
,514544,,,,,,134.09025182000002,,,,,,,,,,,
142.30150784705694,515000,,,,,,,,,,,,,,,,,
153.88934884185437,516000,,,,,,,,,,,,,,,,,
,516592,,,,,,136.0486624,,,,,,,,,,,
105.13409722581491,517000,,,,,,,,,,,,,,,,,
150.47139573109888,518000,,,,,,,,,,,,,,,,,
,518640,,,,,,132.4852951,,,,,,,,,,,
145.61985376189986,519000,,,,,,,,,,,,,,,,,
151.0719830639835,520000,,,,,,,,,,,,,,,,,
,520688,,,,,,134.25887142999997,,,,,,,,,,,
130.9002657686222,521000,,,,,,,,,,,,,,,,,
131.7822293438654,522000,,,,,,,,,,,,,,,,,
,522736,,,,,,135.0225001,,,,,,,,,,,
141.8248550213146,523000,,,,,,,,,,,,,,,,,
130.49383690674586,524000,,,,,,,,,,,,,,,,,
,524784,,,,,,132.26279961999998,,,,,,,,,,,
120.58043466635499,525000,,,,,,,,,,,,,,,,,
120.94563363256457,526000,,,,,,,,,,,,,,,,,
,526832,,,,,,130.9485258,,,,,,,,,,,
115.85321664641015,527000,,,,,,,,,,,,,,,,,
135.84999854238777,528000,,,,,,,,,,,,,,,,,
,528880,,,,,,121.98287556000001,,,,,,,,,,,
139.77039196391632,529000,,,,,,,,,,,,,,,,,
141.6517783235293,530000,,,,,,,,,,,,,,,,,
,530928,,,,,,121.06559956999999,,,,,,,,,,,
105.5356697626019,531000,,,,,,,,,,,,,,,,,
123.25597389178657,532000,,,,,,,,,,,,,,,,,
,532976,,,,,,117.19611395999996,,,,,,,,,,,
148.9125832579739,533000,,,,,,,,,,,,,,,,,
135.36757933133413,534000,,,,,,,,,,,,,,,,,
143.4344357812857,535000,,,,,,,,,,,,,,,,,
,535024,,,,,,114.8265462,,,,,,,,,,,
139.4619644,536000,,,,,,,,,,,,,,,,,
151.72512369273318,537000,,,,,,,,,,,,,,,,,
,537072,,,,,,109.9585475,,,,,,,,,,,
131.50502042866282,538000,,,,,,,,,,,,,,,,,
112.48349156827172,539000,,,,,,,,,,,,,,,,,
,539120,,,,,,108.17920782000002,,,,,,,,,,,
128.99510253651678,540000,,,,,,,,,,,,,,,,,
140.43413173994995,541000,,,,,,,,,,,,,,,,,
,541168,,,,,,113.1682118,,,,,,,,,,,
151.20751270531838,542000,,,,,,,,,,,,,,,,,
138.40794611539386,543000,,,,,,,,,,,,,,,,,
,543216,,,,,,114.42523712999997,,,,,,,,,,,
150.86834534984956,544000,,,,,,,,,,,,,,,,,
155.54347964432674,545000,,,,,,,,,,,,,,,,,
,545264,,,,,,121.31915989999999,,,,,,,,,,,
151.34486979717477,546000,,,,,,,,,,,,,,,,,
162.65558832995885,547000,,,,,,,,,,,,,,,,,
,547312,,,,,,127.9856373,,,,,,,,,,,
147.55634225828618,548000,,,,,,,,,,,,,,,,,
148.45204298280368,549000,,,,,,,,,,,,,,,,,
,549360,,,,,,131.15208097000001,,,,,,,,,,,
151.40203593533442,550000,,,,,,,,,,,,,,,,,
147.84005387316574,551000,,,,,,,,,,,,,,,,,
,551408,,,,,,135.53594910000004,,,,,,,,,,,
144.45078863859672,552000,,,,,,,,,,,,,,,,,
143.60998879841935,553000,,,,,,,,,,,,,,,,,
,553456,,,,,,142.694324,,,,,,,,,,,
157.88105806430104,554000,,,,,,,,,,,,,,,,,
153.9081430056045,555000,,,,,,,,,,,,,,,,,
,555504,,,,,,150.18378356000002,,,,,,,,,,,
159.80745183646212,556000,,,,,,,,,,,,,,,,,
149.71752097602513,557000,,,,,,,,,,,,,,,,,
,557552,,,,,,149.63439447000002,,,,,,,,,,,
165.88469226066735,558000,,,,,,,,,,,,,,,,,
158.49504300475164,559000,,,,,,,,,,,,,,,,,
,559600,,,,,,151.43388990000003,,,,,,,,,,,
160.7594443626309,560000,,,,,,,,,,,,,,,,,
154.5373758566937,561000,,,,,,,,,,,,,,,,,
,561648,,,,,,149.2465621,,,,,,,,,,,
155.86827330962987,562000,,,,,,,,,,,,,,,,,
157.13552392161364,563000,,,,,,,,,,,,,,,,,
,563696,,,,,,153.08130029999998,,,,,,,,,,,
159.2472104,564000,,,,,,,,,,,,,,,,,
147.88156420414742,565000,,,,,,,,,,,,,,,,,
,565744,,,,,,158.04709533000002,,,,,,,,,,,
141.39761477935826,566000,,,,,,,,,,,,,,,,,
158.1482012010885,567000,,,,,,,,,,,,,,,,,
,567792,,,,,,156.2012526,,,,,,,,,,,
149.46938754897275,568000,,,,,,,,,,,,,,,,,
158.8088552855661,569000,,,,,,,,,,,,,,,,,
,569840,,,,,,157.6108327,,,,,,,,,,,
176.98193489281184,570000,,,,,,,,,,,,,,,,,
180.86968020130954,571000,,,,,,,,,,,,,,,,,
,571888,,,,,,161.1382115,,,,,,,,,,,
89.98979170794628,572000,,,,,,,,,,,,,,,,,
138.8360937862737,573000,,,,,,,,,,,,,,,,,
,573936,,,,,,161.2710324,,,,,,,,,,,
195.82407821817324,574000,,,,,,,,,,,,,,,,,
145.08400250905032,575000,,,,,,,,,,,,,,,,,
,575984,,,,,,159.13644778000003,,,,,,,,,,,
195.18019185211816,576000,,,,,,,,,,,,,,,,,
161.8630353399356,577000,,,,,,,,,,,,,,,,,
199.67536154160263,578000,,,,,,,,,,,,,,,,,
,578032,,,,,,160.31465175999998,,,,,,,,,,,
210.87274792212557,579000,,,,,,,,,,,,,,,,,
163.75046575855086,580000,,,,,,,,,,,,,,,,,
,580080,,,,,,163.6575,,,,,,,,,,,
221.55101914300684,581000,,,,,,,,,,,,,,,,,
192.9840219,582000,,,,,,,,,,,,,,,,,
,582128,,,,,,167.49273286999997,,,,,,,,,,,
234.77554034204223,583000,,,,,,,,,,,,,,,,,
191.8876662409588,584000,,,,,,,,,,,,,,,,,
,584176,,,,,,171.1363941,,,,,,,,,,,
196.62984016181218,585000,,,,,,,,,,,,,,,,,
228.429839,586000,,,,,,,,,,,,,,,,,
,586224,,,,,,177.56292473999997,,,,,,,,,,,
201.48084701976185,587000,,,,,,,,,,,,,,,,,
228.23695329222537,588000,,,,,,,,,,,,,,,,,
,588272,,,,,,185.7466653,,,,,,,,,,,
228.7199499,589000,,,,,,,,,,,,,,,,,
162.2363579,590000,,,,,,,,,,,,,,,,,
,590320,,,,,,195.6517843,,,,,,,,,,,
231.41034371878777,591000,,,,,,,,,,,,,,,,,
227.56896300018562,592000,,,,,,,,,,,,,,,,,
,592368,,,,,,201.3282762,,,,,,,,,,,
228.5341749778796,593000,,,,,,,,,,,,,,,,,
220.81634154805505,594000,,,,,,,,,,,,,,,,,
,594416,,,,,,210.31259408999995,,,,,,,,,,,
237.0886208795455,595000,,,,,,,,,,,,,,,,,
242.00988818455662,596000,,,,,,,,,,,,,,,,,
,596464,,,,,,212.25606010999996,,,,,,,,,,,
201.37530859757027,597000,,,,,,,,,,,,,,,,,
224.21187571990305,598000,,,,,,,,,,,,,,,,,
,598512,,,,,,219.5058363,,,,,,,,,,,
229.06612944568624,599000,,,,,,,,,,,,,,,,,
204.75905273342505,600000,,,,,,,,,,,,,,,,,
,600560,,,,,,226.49748038000004,,,,,,,,,,,
226.4810940815849,601000,,,,,,,,,,,,,,,,,
229.57204693453167,602000,,,,,,,,,,,,,,,,,
,602608,,,,,,227.77714204000003,,,,,,,,,,,
205.6787643677526,603000,,,,,,,,,,,,,,,,,
219.06528524992828,604000,,,,,,,,,,,,,,,,,
,604656,,,,,,231.7208435,,,,,,,,,,,
170.90310450601973,605000,,,,,,,,,,,,,,,,,
170.92559033847502,606000,,,,,,,,,,,,,,,,,
,606704,,,,,,224.94394025999998,,,,,,,,,,,
222.62563022061804,607000,,,,,,,,,,,,,,,,,
245.08161998320867,608000,,,,,,,,,,,,,,,,,
,608752,,,,,,231.2361017,,,,,,,,,,,
228.90795081886463,609000,,,,,,,,,,,,,,,,,
234.74552193327546,610000,,,,,,,,,,,,,,,,,
,610800,,,,,,235.3115868,,,,,,,,,,,
238.94979037909872,611000,,,,,,,,,,,,,,,,,
230.77238013375973,612000,,,,,,,,,,,,,,,,,
,612848,,,,,,237.13627182000005,,,,,,,,,,,
255.86864925383708,613000,,,,,,,,,,,,,,,,,
237.1351977010294,614000,,,,,,,,,,,,,,,,,
,614896,,,,,,245.7500193,,,,,,,,,,,
263.3384008061672,615000,,,,,,,,,,,,,,,,,
241.3107095877218,616000,,,,,,,,,,,,,,,,,
,616944,,,,,,248.6945548,,,,,,,,,,,
241.40323698494103,617000,,,,,,,,,,,,,,,,,
234.63435301496648,618000,,,,,,,,,,,,,,,,,
,618992,,,,,,258.3425641,,,,,,,,,,,
259.48128717792497,619000,,,,,,,,,,,,,,,,,
242.20298819147138,620000,,,,,,,,,,,,,,,,,
261.53885516819645,621000,,,,,,,,,,,,,,,,,
,621040,,,,,,260.83280537999997,,,,,,,,,,,
253.8862687202556,622000,,,,,,,,,,,,,,,,,
253.91344818227662,623000,,,,,,,,,,,,,,,,,
,623088,,,,,,263.2401221,,,,,,,,,,,
293.4760209109794,624000,,,,,,,,,,,,,,,,,
275.3125030122952,625000,,,,,,,,,,,,,,,,,
,625136,,,,,,272.0544482,,,,,,,,,,,
317.6181615471156,626000,,,,,,,,,,,,,,,,,
319.2580210355183,627000,,,,,,,,,,,,,,,,,
,627184,,,,,,279.9255339,,,,,,,,,,,
341.96962147949233,628000,,,,,,,,,,,,,,,,,
330.7758926848386,629000,,,,,,,,,,,,,,,,,
,629232,,,,,,295.3123072,,,,,,,,,,,
297.3741388465627,630000,,,,,,,,,,,,,,,,,
340.44521746809625,631000,,,,,,,,,,,,,,,,,
,631280,,,,,,306.2525917,,,,,,,,,,,
375.9668034465816,632000,,,,,,,,,,,,,,,,,
325.14317681296745,633000,,,,,,,,,,,,,,,,,
,633328,,,,,,313.3108223,,,,,,,,,,,
393.3616444104526,634000,,,,,,,,,,,,,,,,,
380.08648618788936,635000,,,,,,,,,,,,,,,,,
,635376,,,,,,319.7435907,,,,,,,,,,,
368.9616622779598,636000,,,,,,,,,,,,,,,,,
364.9127652908443,637000,,,,,,,,,,,,,,,,,
,637424,,,,,,323.5752703,,,,,,,,,,,
369.4073581565164,638000,,,,,,,,,,,,,,,,,
382.87793904183417,639000,,,,,,,,,,,,,,,,,
,639472,,,,,,337.5753377,,,,,,,,,,,
374.5905992389606,640000,,,,,,,,,,,,,,,,,
378.56009593419003,641000,,,,,,,,,,,,,,,,,
,641520,,,,,,346.5380976,,,,,,,,,,,
406.2090181457097,642000,,,,,,,,,,,,,,,,,
321.9749493502277,643000,,,,,,,,,,,,,,,,,
,643568,,,,,,356.1746702000001,,,,,,,,,,,
438.5295279907288,644000,,,,,,,,,,,,,,,,,
382.15052429128775,645000,,,,,,,,,,,,,,,,,
,645616,,,,,,363.97707579999997,,,,,,,,,,,
434.87356481086533,646000,,,,,,,,,,,,,,,,,
412.51542674382074,647000,,,,,,,,,,,,,,,,,
,647664,,,,,,369.2198243,,,,,,,,,,,
397.2329826823458,648000,,,,,,,,,,,,,,,,,
417.7347099624829,649000,,,,,,,,,,,,,,,,,
,649712,,,,,,379.10698031999993,,,,,,,,,,,
470.27938169441984,650000,,,,,,,,,,,,,,,,,
419.8389251709174,651000,,,,,,,,,,,,,,,,,
,651760,,,,,,390.49860295999986,,,,,,,,,,,
416.7527222792727,652000,,,,,,,,,,,,,,,,,
472.7313662181456,653000,,,,,,,,,,,,,,,,,
,653808,,,,,,389.84056405999996,,,,,,,,,,,
387.69925254054397,654000,,,,,,,,,,,,,,,,,
424.96761307999185,655000,,,,,,,,,,,,,,,,,
,655856,,,,,,397.08875376000003,,,,,,,,,,,
464.0337916172888,656000,,,,,,,,,,,,,,,,,
473.53719697391205,657000,,,,,,,,,,,,,,,,,
,657904,,,,,,399.95860845999994,,,,,,,,,,,
505.1401921261175,658000,,,,,,,,,,,,,,,,,
456.3558637017093,659000,,,,,,,,,,,,,,,,,
,659952,,,,,,406.1547008900001,,,,,,,,,,,
455.5329687205543,660000,,,,,,,,,,,,,,,,,
468.5522113328676,661000,,,,,,,,,,,,,,,,,
530.5855331786872,662000,,,,,,,,,,,,,,,,,
,662000,,,,,,408.19696497999996,,,,,,,,,,,
439.0868263238714,663000,,,,,,,,,,,,,,,,,
467.6965636827699,664000,,,,,,,,,,,,,,,,,
,664048,,,,,,420.94126322999995,,,,,,,,,,,
455.9960489457022,665000,,,,,,,,,,,,,,,,,
439.4750784883996,666000,,,,,,,,,,,,,,,,,
,666096,,,,,,424.7413168,,,,,,,,,,,
525.3208102436198,667000,,,,,,,,,,,,,,,,,
485.2053999078242,668000,,,,,,,,,,,,,,,,,
,668144,,,,,,426.6251736,,,,,,,,,,,
436.19031367680293,669000,,,,,,,,,,,,,,,,,
486.4277720090249,670000,,,,,,,,,,,,,,,,,
,670192,,,,,,430.40071924999995,,,,,,,,,,,
510.83339918039275,671000,,,,,,,,,,,,,,,,,
499.63408717560816,672000,,,,,,,,,,,,,,,,,
,672240,,,,,,430.3461406,,,,,,,,,,,
464.33397315261175,673000,,,,,,,,,,,,,,,,,
451.76191678586326,674000,,,,,,,,,,,,,,,,,
,674288,,,,,,427.75114960999997,,,,,,,,,,,
490.92178225212047,675000,,,,,,,,,,,,,,,,,
487.4180942216226,676000,,,,,,,,,,,,,,,,,
,676336,,,,,,421.5125695899999,,,,,,,,,,,
456.01016576753534,677000,,,,,,,,,,,,,,,,,
455.8083153590043,678000,,,,,,,,,,,,,,,,,
,678384,,,,,,423.9779395,,,,,,,,,,,
499.1016341720344,679000,,,,,,,,,,,,,,,,,
482.5435203699657,680000,,,,,,,,,,,,,,,,,
,680432,,,,,,435.09294249000004,,,,,,,,,,,
503.3207017589433,681000,,,,,,,,,,,,,,,,,
437.88398567027764,682000,,,,,,,,,,,,,,,,,
,682480,,,,,,438.53879207000006,,,,,,,,,,,
409.55689389355246,683000,,,,,,,,,,,,,,,,,
738.0913604271154,684000,,,,,,,,,,,,,,,,,
,684528,,,,,,446.0263174,,,,,,,,,,,
480.5881646216891,685000,,,,,,,,,,,,,,,,,
468.90327527236514,686000,,,,,,,,,,,,,,,,,
,686576,,,,,,452.6399611,,,,,,,,,,,
500.2138989487779,687000,,,,,,,,,,,,,,,,,
489.6223085514357,688000,,,,,,,,,,,,,,,,,
,688624,,,,,,473.06334495000004,,,,,,,,,,,
392.15025597323404,689000,,,,,,,,,,,,,,,,,
446.4879535,690000,,,,,,,,,,,,,,,,,
,690672,,,,,,476.81523300000003,,,,,,,,,,,
485.3506983286003,691000,,,,,,,,,,,,,,,,,
427.83174603983787,692000,,,,,,,,,,,,,,,,,
,692720,,,,,,471.85541789999996,,,,,,,,,,,
352.3082145093111,693000,,,,,,,,,,,,,,,,,
447.5622782081817,694000,,,,,,,,,,,,,,,,,
,694768,,,,,,476.99039760000005,,,,,,,,,,,
449.4010227,695000,,,,,,,,,,,,,,,,,
529.7481230594501,696000,,,,,,,,,,,,,,,,,
,696816,,,,,,479.14967728000005,,,,,,,,,,,
623.2261133229695,697000,,,,,,,,,,,,,,,,,
532.7174057,698000,,,,,,,,,,,,,,,,,
,698864,,,,,,477.74728445999995,,,,,,,,,,,
515.9916957691727,699000,,,,,,,,,,,,,,,,,
487.96206402471216,700000,,,,,,,,,,,,,,,,,
,700912,,,,,,486.60035945999994,,,,,,,,,,,
488.66463306662047,701000,,,,,,,,,,,,,,,,,
518.3346680546267,702000,,,,,,,,,,,,,,,,,
,702960,,,,,,502.4449754,,,,,,,,,,,
681.4963691764439,703000,,,,,,,,,,,,,,,,,
637.9494665589722,704000,,,,,,,,,,,,,,,,,
722.6908623211536,705000,,,,,,,,,,,,,,,,,
,705008,,,,,,509.7582345200001,,,,,,,,,,,
495.2145442624416,706000,,,,,,,,,,,,,,,,,
700.6578117782971,707000,,,,,,,,,,,,,,,,,
,707056,,,,,,526.1641973900001,,,,,,,,,,,
517.2694987019283,708000,,,,,,,,,,,,,,,,,
610.4729043314131,709000,,,,,,,,,,,,,,,,,
,709104,,,,,,526.0621498,,,,,,,,,,,
172.51869673006877,710000,,,,,,,,,,,,,,,,,
137.77684602848893,711000,,,,,,,,,,,,,,,,,
,711152,,,,,,497.46627333000004,,,,,,,,,,,
430.69922242232786,712000,,,,,,,,,,,,,,,,,
1078.2785796754288,713000,,,,,,,,,,,,,,,,,
,713200,,,,,,498.46930296000005,,,,,,,,,,,
776.8806056776957,714000,,,,,,,,,,,,,,,,,
767.6809176923059,715000,,,,,,,,,,,,,,,,,
,715248,,,,,,503.35429605999997,,,,,,,,,,,
746.7293453614832,716000,,,,,,,,,,,,,,,,,
855.6078985633263,717000,,,,,,,,,,,,,,,,,
,717296,,,,,,508.34010629000005,,,,,,,,,,,
794.8596805132896,718000,,,,,,,,,,,,,,,,,
669.8601335257524,719000,,,,,,,,,,,,,,,,,
,719344,,,,,,513.3826857,,,,,,,,,,,
451.0095127606357,720000,,,,,,,,,,,,,,,,,
291.54409910059405,721000,,,,,,,,,,,,,,,,,
,721392,,,,,,515.2279531400001,,,,,,,,,,,
730.0003492915196,722000,,,,,,,,,,,,,,,,,
751.3164295378745,723000,,,,,,,,,,,,,,,,,
,723440,,,,,,533.7024969900001,,,,,,,,,,,
643.7317356056549,724000,,,,,,,,,,,,,,,,,
1091.0467271985895,725000,,,,,,,,,,,,,,,,,
,725488,,,,,,544.0233892,,,,,,,,,,,
587.2836214681505,726000,,,,,,,,,,,,,,,,,
599.0700363649078,727000,,,,,,,,,,,,,,,,,
,727536,,,,,,559.6666217299999,,,,,,,,,,,
1324.0000858504397,728000,,,,,,,,,,,,,,,,,
1080.592984,729000,,,,,,,,,,,,,,,,,
,729584,,,,,,566.7049543100001,,,,,,,,,,,
1221.1331677058727,730000,,,,,,,,,,,,,,,,,
856.6917145542866,731000,,,,,,,,,,,,,,,,,
,731632,,,,,,600.0795825400002,,,,,,,,,,,
921.5023109132438,732000,,,,,,,,,,,,,,,,,
804.5766863949721,733000,,,,,,,,,,,,,,,,,
,733680,,,,,,601.350868,,,,,,,,,,,
1419.2336362253795,734000,,,,,,,,,,,,,,,,,
714.5100480490648,735000,,,,,,,,,,,,,,,,,
,735728,,,,,,597.9436403,,,,,,,,,,,
561.5823198381134,736000,,,,,,,,,,,,,,,,,
703.2364836,737000,,,,,,,,,,,,,,,,,
,737776,,,,,,590.2224071100001,,,,,,,,,,,
679.3022008119412,738000,,,,,,,,,,,,,,,,,
639.8553298774808,739000,,,,,,,,,,,,,,,,,
,739824,,,,,,589.7319006,,,,,,,,,,,
719.0978613,740000,,,,,,,,,,,,,,,,,
518.6013568982344,741000,,,,,,,,,,,,,,,,,
,741872,,,,,,609.9523651000001,,,,,,,,,,,
1026.509259286379,742000,,,,,,,,,,,,,,,,,
1381.6361131631616,743000,,,,,,,,,,,,,,,,,
,743920,,,,,,642.3737971200001,,,,,,,,,,,
1193.0729090659945,744000,,,,,,,,,,,,,,,,,
650.9536912,745000,,,,,,,,,,,,,,,,,
,745968,,,,,,658.6986923,,,,,,,,,,,
605.4639303554198,746000,,,,,,,,,,,,,,,,,
603.5429994034209,747000,,,,,,,,,,,,,,,,,
506.23307329100135,748000,,,,,,,,,,,,,,,,,
,748016,,,,,,649.8452201,,,,,,,,,,,
565.2718594799575,749000,,,,,,,,,,,,,,,,,
526.8124650755344,750000,,,,,,,,,,,,,,,,,
,750064,,,,,,651.6720895,,,,,,,,,,,
533.9834816013339,751000,,,,,,,,,,,,,,,,,
552.5188527475111,752000,,,,,,,,,,,,,,,,,
,752112,,,,,,649.7608069700001,,,,,,,,,,,
528.4891843,753000,,,,,,,,,,,,,,,,,
589.9215634709246,754000,,,,,,,,,,,,,,,,,
,754160,,,,,,662.4151842599999,,,,,,,,,,,
499.9589636371471,755000,,,,,,,,,,,,,,,,,
672.4122053741091,756000,,,,,,,,,,,,,,,,,
,756208,,,,,,663.2955789099999,,,,,,,,,,,
722.0775309989046,757000,,,,,,,,,,,,,,,,,
497.50356106641414,758000,,,,,,,,,,,,,,,,,
,758256,,,,,,645.5721672000001,,,,,,,,,,,
1859.4900453252237,759000,,,,,,,,,,,,,,,,,
837.7546667789735,760000,,,,,,,,,,,,,,,,,
,760304,,,,,,647.9480774,,,,,,,,,,,
504.37256311638123,761000,,,,,,,,,,,,,,,,,
540.2278062803787,762000,,,,,,,,,,,,,,,,,
,762352,,,,,,621.0953959,,,,,,,,,,,
702.8326632657147,763000,,,,,,,,,,,,,,,,,
584.1018252336501,764000,,,,,,,,,,,,,,,,,
,764400,,,,,,593.2427982900001,,,,,,,,,,,
522.0379764,765000,,,,,,,,,,,,,,,,,
670.7062974571178,766000,,,,,,,,,,,,,,,,,
,766448,,,,,,591.1694296000001,,,,,,,,,,,
775.7573804783184,767000,,,,,,,,,,,,,,,,,
581.8718595,768000,,,,,,,,,,,,,,,,,
,768496,,,,,,597.5597942899999,,,,,,,,,,,
493.2166413160179,769000,,,,,,,,,,,,,,,,,
650.7250559797125,770000,,,,,,,,,,,,,,,,,
,770544,,,,,,597.1482669,,,,,,,,,,,
573.1308906137295,771000,,,,,,,,,,,,,,,,,
536.5916348544291,772000,,,,,,,,,,,,,,,,,
,772592,,,,,,607.8822673399999,,,,,,,,,,,
971.2852529178308,773000,,,,,,,,,,,,,,,,,
627.6634851663177,774000,,,,,,,,,,,,,,,,,
,774640,,,,,,593.964355,,,,,,,,,,,
834.6568417,775000,,,,,,,,,,,,,,,,,
599.3993161,776000,,,,,,,,,,,,,,,,,
,776688,,,,,,595.5349149699999,,,,,,,,,,,
739.0758510516862,777000,,,,,,,,,,,,,,,,,
551.4986828181158,778000,,,,,,,,,,,,,,,,,
,778736,,,,,,593.4337111,,,,,,,,,,,
606.9367233784127,779000,,,,,,,,,,,,,,,,,
536.3941162149488,780000,,,,,,,,,,,,,,,,,
,780784,,,,,,590.3637856,,,,,,,,,,,
535.6891026236219,781000,,,,,,,,,,,,,,,,,
629.2054148022595,782000,,,,,,,,,,,,,,,,,
,782832,,,,,,603.3252907,,,,,,,,,,,
559.9373275454585,783000,,,,,,,,,,,,,,,,,
541.1822897944039,784000,,,,,,,,,,,,,,,,,
,784880,,,,,,598.9257726,,,,,,,,,,,
620.1925660949215,785000,,,,,,,,,,,,,,,,,
679.4019970652553,786000,,,,,,,,,,,,,,,,,
,786928,,,,,,584.8611746,,,,,,,,,,,
729.7940501251375,787000,,,,,,,,,,,,,,,,,
600.1090392904938,788000,,,,,,,,,,,,,,,,,
,788976,,,,,,581.9930869000001,,,,,,,,,,,
494.3679268,789000,,,,,,,,,,,,,,,,,
1130.4324669763932,790000,,,,,,,,,,,,,,,,,
625.5543139423469,791000,,,,,,,,,,,,,,,,,
,791024,,,,,,580.2216259,,,,,,,,,,,
696.5120154490411,792000,,,,,,,,,,,,,,,,,
619.4257376124239,793000,,,,,,,,,,,,,,,,,
,793072,,,,,,581.0409836,,,,,,,,,,,
613.5223334425762,794000,,,,,,,,,,,,,,,,,
588.6229444687349,795000,,,,,,,,,,,,,,,,,
,795120,,,,,,579.4974197799999,,,,,,,,,,,
651.4429618285387,796000,,,,,,,,,,,,,,,,,
625.6081503042682,797000,,,,,,,,,,,,,,,,,
,797168,,,,,,589.0966020499999,,,,,,,,,,,
619.9877090223039,798000,,,,,,,,,,,,,,,,,
587.0124889748928,799000,,,,,,,,,,,,,,,,,
,799216,,,,,,588.0492346,,,,,,,,,,,
559.9277063301582,800000,,,,,,,,,,,,,,,,,
583.1413101998711,801000,,,,,,,,,,,,,,,,,
,801264,,,,,,589.2585601,,,,,,,,,,,
594.7038705743413,802000,,,,,,,,,,,,,,,,,
655.6584526585233,803000,,,,,,,,,,,,,,,,,
,803312,,,,,,600.5252216,,,,,,,,,,,
490.4607611892243,804000,,,,,,,,,,,,,,,,,
1054.2781703089736,805000,,,,,,,,,,,,,,,,,
,805360,,,,,,613.8440863599999,,,,,,,,,,,
630.5989748729837,806000,,,,,,,,,,,,,,,,,
694.6532298254976,807000,,,,,,,,,,,,,,,,,
,807408,,,,,,618.7966439,,,,,,,,,,,
521.0176780542715,808000,,,,,,,,,,,,,,,,,
618.4396118361547,809000,,,,,,,,,,,,,,,,,
,809456,,,,,,609.0044674,,,,,,,,,,,
577.4020417676002,810000,,,,,,,,,,,,,,,,,
561.9591639230348,811000,,,,,,,,,,,,,,,,,
,811504,,,,,,591.573757,,,,,,,,,,,
620.2721881609119,812000,,,,,,,,,,,,,,,,,
702.1305498832298,813000,,,,,,,,,,,,,,,,,
,813552,,,,,,591.8949994,,,,,,,,,,,
731.8060142449278,814000,,,,,,,,,,,,,,,,,
698.4042496944181,815000,,,,,,,,,,,,,,,,,
,815600,,,,,,600.3323068,,,,,,,,,,,
840.1689570026247,816000,,,,,,,,,,,,,,,,,
737.4855494089636,817000,,,,,,,,,,,,,,,,,
,817648,,,,,,603.6977338,,,,,,,,,,,
579.7140334944809,818000,,,,,,,,,,,,,,,,,
617.3250516159467,819000,,,,,,,,,,,,,,,,,
,819696,,,,,,604.7180557099999,,,,,,,,,,,
705.2547853,820000,,,,,,,,,,,,,,,,,
596.7893875247385,821000,,,,,,,,,,,,,,,,,
,821744,,,,,,603.7722171800001,,,,,,,,,,,
901.3881248328914,822000,,,,,,,,,,,,,,,,,
685.1746774011772,823000,,,,,,,,,,,,,,,,,
,823792,,,,,,601.6201129,,,,,,,,,,,
648.3362451263711,824000,,,,,,,,,,,,,,,,,
673.2923763083352,825000,,,,,,,,,,,,,,,,,
,825840,,,,,,618.9690425,,,,,,,,,,,
494.47993904474714,826000,,,,,,,,,,,,,,,,,
545.9340533,827000,,,,,,,,,,,,,,,,,
,827888,,,,,,635.5604288,,,,,,,,,,,
752.5947244781244,828000,,,,,,,,,,,,,,,,,
540.169768,829000,,,,,,,,,,,,,,,,,
,829936,,,,,,639.2424802,,,,,,,,,,,
825.5899497544909,830000,,,,,,,,,,,,,,,,,
653.209275,831000,,,,,,,,,,,,,,,,,
,831984,,,,,,644.1867306299999,,,,,,,,,,,
620.1552104511982,832000,,,,,,,,,,,,,,,,,
774.5738676382986,833000,,,,,,,,,,,,,,,,,
744.4051347736743,834000,,,,,,,,,,,,,,,,,
,834032,,,,,,642.9148212,,,,,,,,,,,
789.7259905498315,835000,,,,,,,,,,,,,,,,,
749.3500053508236,836000,,,,,,,,,,,,,,,,,
,836080,,,,,,636.0238381,,,,,,,,,,,
521.3788380461592,837000,,,,,,,,,,,,,,,,,
549.3398279640081,838000,,,,,,,,,,,,,,,,,
,838128,,,,,,631.6498779300001,,,,,,,,,,,
700.8321892216002,839000,,,,,,,,,,,,,,,,,
775.6418687285266,840000,,,,,,,,,,,,,,,,,
,840176,,,,,,630.3125169,,,,,,,,,,,
532.5795002170875,841000,,,,,,,,,,,,,,,,,
523.0912004772545,842000,,,,,,,,,,,,,,,,,
,842224,,,,,,618.589615,,,,,,,,,,,
604.9086479761106,843000,,,,,,,,,,,,,,,,,
689.2165253008679,844000,,,,,,,,,,,,,,,,,
,844272,,,,,,616.8269628,,,,,,,,,,,
652.0060197089697,845000,,,,,,,,,,,,,,,,,
620.5593968453577,846000,,,,,,,,,,,,,,,,,
,846320,,,,,,621.3447666,,,,,,,,,,,
537.8440120373103,847000,,,,,,,,,,,,,,,,,
584.4133861948015,848000,,,,,,,,,,,,,,,,,
,848368,,,,,,640.9471625,,,,,,,,,,,
495.8691703,849000,,,,,,,,,,,,,,,,,
481.6288027125032,850000,,,,,,,,,,,,,,,,,
,850416,,,,,,638.9982467,,,,,,,,,,,
563.4528087131345,851000,,,,,,,,,,,,,,,,,
559.9578079734056,852000,,,,,,,,,,,,,,,,,
,852464,,,,,,642.9120992100001,,,,,,,,,,,
597.7847153540636,853000,,,,,,,,,,,,,,,,,
649.0187307992273,854000,,,,,,,,,,,,,,,,,
,854512,,,,,,639.8137677,,,,,,,,,,,
653.1259964207107,855000,,,,,,,,,,,,,,,,,
606.1161544403636,856000,,,,,,,,,,,,,,,,,
,856560,,,,,,639.0296596,,,,,,,,,,,
603.2509329753848,857000,,,,,,,,,,,,,,,,,
648.6120481437749,858000,,,,,,,,,,,,,,,,,
,858608,,,,,,640.9219468199999,,,,,,,,,,,
735.1501246772161,859000,,,,,,,,,,,,,,,,,
575.2426921366554,860000,,,,,,,,,,,,,,,,,
,860656,,,,,,636.7894011,,,,,,,,,,,
840.2958521335146,861000,,,,,,,,,,,,,,,,,
594.5416578234151,862000,,,,,,,,,,,,,,,,,
,862704,,,,,,634.1883540599999,,,,,,,,,,,
823.9380945012665,863000,,,,,,,,,,,,,,,,,
672.7916863055492,864000,,,,,,,,,,,,,,,,,
,864752,,,,,,620.6919634100001,,,,,,,,,,,
704.3823832642134,865000,,,,,,,,,,,,,,,,,
479.01216822744465,866000,,,,,,,,,,,,,,,,,
,866800,,,,,,594.7716919,,,,,,,,,,,
496.78470294561777,867000,,,,,,,,,,,,,,,,,
540.5175165066132,868000,,,,,,,,,,,,,,,,,
,868848,,,,,,591.3612076800001,,,,,,,,,,,
742.7546693420758,869000,,,,,,,,,,,,,,,,,
587.0563717685305,870000,,,,,,,,,,,,,,,,,
,870896,,,,,,600.0174216300001,,,,,,,,,,,
415.54914408646874,871000,,,,,,,,,,,,,,,,,
460.1613518980892,872000,,,,,,,,,,,,,,,,,
,872944,,,,,,600.3967176000001,,,,,,,,,,,
551.0151004912062,873000,,,,,,,,,,,,,,,,,
502.4251486603076,874000,,,,,,,,,,,,,,,,,
,874992,,,,,,600.6537072,,,,,,,,,,,
494.4726758922974,875000,,,,,,,,,,,,,,,,,
632.7113489,876000,,,,,,,,,,,,,,,,,
439.81218511734915,877000,,,,,,,,,,,,,,,,,
,877040,,,,,,587.4451552,,,,,,,,,,,
532.8625915,878000,,,,,,,,,,,,,,,,,
493.5210248871357,879000,,,,,,,,,,,,,,,,,
,879088,,,,,,579.9249294,,,,,,,,,,,
786.2664568763336,880000,,,,,,,,,,,,,,,,,
524.4904943187015,881000,,,,,,,,,,,,,,,,,
,881136,,,,,,564.2126476,,,,,,,,,,,
694.9752790054474,882000,,,,,,,,,,,,,,,,,
524.6148057642735,883000,,,,,,,,,,,,,,,,,
,883184,,,,,,559.4706414,,,,,,,,,,,
582.6259533382675,884000,,,,,,,,,,,,,,,,,
593.8566198865104,885000,,,,,,,,,,,,,,,,,
,885232,,,,,,557.060381,,,,,,,,,,,
504.70652302709857,886000,,,,,,,,,,,,,,,,,
497.44027104281633,887000,,,,,,,,,,,,,,,,,
,887280,,,,,,553.1858945,,,,,,,,,,,
504.36113968953725,888000,,,,,,,,,,,,,,,,,
496.1280474416926,889000,,,,,,,,,,,,,,,,,
,889328,,,,,,545.451702,,,,,,,,,,,
575.5797643,890000,,,,,,,,,,,,,,,,,
600.8610421142585,891000,,,,,,,,,,,,,,,,,
,891376,,,,,,535.3613147,,,,,,,,,,,
655.2917135428258,892000,,,,,,,,,,,,,,,,,
697.098651,893000,,,,,,,,,,,,,,,,,
,893424,,,,,,538.4877514,,,,,,,,,,,
683.5005689,894000,,,,,,,,,,,,,,,,,
726.7969157704604,895000,,,,,,,,,,,,,,,,,
,895472,,,,,,542.4320043,,,,,,,,,,,
744.3682561,896000,,,,,,,,,,,,,,,,,
891.1056824213578,897000,,,,,,,,,,,,,,,,,
,897520,,,,,,546.2106144499999,,,,,,,,,,,
848.1039982310082,898000,,,,,,,,,,,,,,,,,
717.8868213544607,899000,,,,,,,,,,,,,,,,,
,899568,,,,,,552.3947052,,,,,,,,,,,
726.6668860225618,900000,,,,,,,,,,,,,,,,,
670.1788815436026,901000,,,,,,,,,,,,,,,,,
,901616,,,,,,559.8037496700001,,,,,,,,,,,
563.6569912975953,902000,,,,,,,,,,,,,,,,,
606.5967298438387,903000,,,,,,,,,,,,,,,,,
,903664,,,,,,565.3360321000001,,,,,,,,,,,
276.0867803,904000,,,,,,,,,,,,,,,,,
271.0537493546311,905000,,,,,,,,,,,,,,,,,
,905712,,,,,,570.4202932,,,,,,,,,,,
821.1216436869269,906000,,,,,,,,,,,,,,,,,
823.112513,907000,,,,,,,,,,,,,,,,,
,907760,,,,,,570.2908295,,,,,,,,,,,
551.1298793640948,908000,,,,,,,,,,,,,,,,,
704.4893814244635,909000,,,,,,,,,,,,,,,,,
,909808,,,,,,593.8663895,,,,,,,,,,,
517.1590838844029,910000,,,,,,,,,,,,,,,,,
487.9597663715023,911000,,,,,,,,,,,,,,,,,
,911856,,,,,,601.0720030699999,,,,,,,,,,,
564.1860496506757,912000,,,,,,,,,,,,,,,,,
604.5553356469333,913000,,,,,,,,,,,,,,,,,
,913904,,,,,,609.6573769,,,,,,,,,,,
567.2347431355877,914000,,,,,,,,,,,,,,,,,
635.3463168461479,915000,,,,,,,,,,,,,,,,,
,915952,,,,,,617.4075045199999,,,,,,,,,,,
723.4283921695511,916000,,,,,,,,,,,,,,,,,
797.7026865605555,917000,,,,,,,,,,,,,,,,,
666.1804125309485,918000,,,,,,,,,,,,,,,,,
,918000,,,,,,628.3728963199999,,,,,,,,,,,
723.6823988449869,919000,,,,,,,,,,,,,,,,,
693.2325922473945,920000,,,,,,,,,,,,,,,,,
,920048,,,,,,639.4782276,,,,,,,,,,,
736.3242743189054,921000,,,,,,,,,,,,,,,,,
845.5927216763645,922000,,,,,,,,,,,,,,,,,
,922096,,,,,,638.4013749,,,,,,,,,,,
730.8250289491247,923000,,,,,,,,,,,,,,,,,
753.2005368,924000,,,,,,,,,,,,,,,,,
,924144,,,,,,650.9738538,,,,,,,,,,,
610.0239266820354,925000,,,,,,,,,,,,,,,,,
619.0438104961082,926000,,,,,,,,,,,,,,,,,
,926192,,,,,,656.4832005,,,,,,,,,,,
772.7059398036465,927000,,,,,,,,,,,,,,,,,
692.7031871,928000,,,,,,,,,,,,,,,,,
,928240,,,,,,661.3171601,,,,,,,,,,,
929.9789473712677,929000,,,,,,,,,,,,,,,,,
855.7444287455953,930000,,,,,,,,,,,,,,,,,
,930288,,,,,,670.6373512,,,,,,,,,,,
825.0128264791841,931000,,,,,,,,,,,,,,,,,
715.8691589112481,932000,,,,,,,,,,,,,,,,,
,932336,,,,,,685.5881018199999,,,,,,,,,,,
657.7235178126539,933000,,,,,,,,,,,,,,,,,
785.9100314025949,934000,,,,,,,,,,,,,,,,,
,934384,,,,,,677.9346616200003,,,,,,,,,,,
662.1813690059323,935000,,,,,,,,,,,,,,,,,
622.9117853352203,936000,,,,,,,,,,,,,,,,,
,936432,,,,,,681.8866405000001,,,,,,,,,,,
580.0785632697218,937000,,,,,,,,,,,,,,,,,
790.8437086657941,938000,,,,,,,,,,,,,,,,,
,938480,,,,,,678.5390707799999,,,,,,,,,,,
701.5587748584906,939000,,,,,,,,,,,,,,,,,
595.6993580814575,940000,,,,,,,,,,,,,,,,,
,940528,,,,,,689.818733,,,,,,,,,,,
727.6322150760665,941000,,,,,,,,,,,,,,,,,
672.4155933291979,942000,,,,,,,,,,,,,,,,,
,942576,,,,,,703.3000085,,,,,,,,,,,
732.4085762976174,943000,,,,,,,,,,,,,,,,,
519.7136897316275,944000,,,,,,,,,,,,,,,,,
,944624,,,,,,688.0758163400001,,,,,,,,,,,
739.5176336,945000,,,,,,,,,,,,,,,,,
636.8092367787685,946000,,,,,,,,,,,,,,,,,
,946672,,,,,,660.146644,,,,,,,,,,,
483.38891335844164,947000,,,,,,,,,,,,,,,,,
441.7168422860079,948000,,,,,,,,,,,,,,,,,
,948720,,,,,,637.0347541900001,,,,,,,,,,,
490.20906762156517,949000,,,,,,,,,,,,,,,,,
558.5318824755362,950000,,,,,,,,,,,,,,,,,
,950768,,,,,,620.8846153800001,,,,,,,,,,,
600.2863088013452,951000,,,,,,,,,,,,,,,,,
575.5681988,952000,,,,,,,,,,,,,,,,,
,952816,,,,,,610.0336801799999,,,,,,,,,,,
754.5760043688882,953000,,,,,,,,,,,,,,,,,
691.4336201509984,954000,,,,,,,,,,,,,,,,,
,954864,,,,,,625.2727629500001,,,,,,,,,,,
557.8815041852125,955000,,,,,,,,,,,,,,,,,
687.6751301178767,956000,,,,,,,,,,,,,,,,,
,956912,,,,,,618.7434472,,,,,,,,,,,
759.9891476147757,957000,,,,,,,,,,,,,,,,,
877.4128558119185,958000,,,,,,,,,,,,,,,,,
,958960,,,,,,625.3743249,,,,,,,,,,,
741.7726654035599,959000,,,,,,,,,,,,,,,,,
774.0598598978846,960000,,,,,,,,,,,,,,,,,
738.9643428439216,961000,,,,,,,,,,,,,,,,,
,961008,,,,,,635.8061106299999,,,,,,,,,,,
687.2884624501057,962000,,,,,,,,,,,,,,,,,
660.1694654305575,963000,,,,,,,,,,,,,,,,,
,963056,,,,,,629.8664017,,,,,,,,,,,
682.8179479221202,964000,,,,,,,,,,,,,,,,,
626.5394789563222,965000,,,,,,,,,,,,,,,,,
,965104,,,,,,609.7735949400001,,,,,,,,,,,
713.9484026686507,966000,,,,,,,,,,,,,,,,,
553.2726991416224,967000,,,,,,,,,,,,,,,,,
,967152,,,,,,618.0557686,,,,,,,,,,,
623.0505105839177,968000,,,,,,,,,,,,,,,,,
561.5453936237587,969000,,,,,,,,,,,,,,,,,
,969200,,,,,,628.2628610900001,,,,,,,,,,,
527.4182291344492,970000,,,,,,,,,,,,,,,,,
600.5359855,971000,,,,,,,,,,,,,,,,,
,971248,,,,,,646.0235328,,,,,,,,,,,
565.5389483782608,972000,,,,,,,,,,,,,,,,,
597.1623208845107,973000,,,,,,,,,,,,,,,,,
,973296,,,,,,629.9125113,,,,,,,,,,,
615.6041660538024,974000,,,,,,,,,,,,,,,,,
640.3755696464032,975000,,,,,,,,,,,,,,,,,
,975344,,,,,,635.9908988,,,,,,,,,,,
572.4461334267456,976000,,,,,,,,,,,,,,,,,
627.3238535777593,977000,,,,,,,,,,,,,,,,,
,977392,,,,,,625.286219,,,,,,,,,,,
507.1803006329304,978000,,,,,,,,,,,,,,,,,
568.9172198521112,979000,,,,,,,,,,,,,,,,,
,979440,,,,,,619.8127198,,,,,,,,,,,
527.6349341471462,980000,,,,,,,,,,,,,,,,,
558.5596345213416,981000,,,,,,,,,,,,,,,,,
,981488,,,,,,621.0722608,,,,,,,,,,,
510.0557795406938,982000,,,,,,,,,,,,,,,,,
686.0344176216051,983000,,,,,,,,,,,,,,,,,
,983536,,,,,,639.5872529,,,,,,,,,,,
864.9336324,984000,,,,,,,,,,,,,,,,,
637.2441790056953,985000,,,,,,,,,,,,,,,,,
,985584,,,,,,649.7484945,,,,,,,,,,,
583.6754113253126,986000,,,,,,,,,,,,,,,,,
783.2707926738469,987000,,,,,,,,,,,,,,,,,
,987632,,,,,,658.2865594,,,,,,,,,,,
575.7007057772586,988000,,,,,,,,,,,,,,,,,
539.3103300241994,989000,,,,,,,,,,,,,,,,,
,989680,,,,,,673.3678190399999,,,,,,,,,,,
803.6729232902253,990000,,,,,,,,,,,,,,,,,
543.5780274065735,991000,,,,,,,,,,,,,,,,,
,991728,,,,,,677.9433663,,,,,,,,,,,
661.9015104519058,992000,,,,,,,,,,,,,,,,,
692.2308525244327,993000,,,,,,,,,,,,,,,,,
,993776,,,,,,674.7149935699999,,,,,,,,,,,
529.3139255393522,994000,,,,,,,,,,,,,,,,,
690.8874578430477,995000,,,,,,,,,,,,,,,,,
,995824,,,,,,696.7280644,,,,,,,,,,,
603.1072064561595,996000,,,,,,,,,,,,,,,,,
688.1416144990028,997000,,,,,,,,,,,,,,,,,
,997872,,,,,,709.3480189799999,,,,,,,,,,,
545.2325469468757,998000,,,,,,,,,,,,,,,,,
721.5424618021977,999000,,,,,,,,,,,,,,,,,
,999920,,,,,,697.7082935,,,,,,,,,,,
748.5395554247822,1000000,,,,,,,,,,,,,,,,,
561.1850093601104,1001000,,,,,,,,,,,,,,,,,
,1001968,,,,,,698.6177538499999,,,,,,,,,,,
468.9486452833124,1002000,,,,,,,,,,,,,,,,,
462.68696142811314,1003000,,,,,,,,,,,,,,,,,
371.0885750516951,1004000,,,,,,,,,,,,,,,,,
,1004016,,,,,,703.2443902999998,,,,,,,,,,,
598.7775562682509,1005000,,,,,,,,,,,,,,,,,
514.9587256594219,1006000,,,,,,,,,,,,,,,,,
,1006064,,,,,,705.3282732499997,,,,,,,,,,,
576.0082688468756,1007000,,,,,,,,,,,,,,,,,
525.6473532272823,1008000,,,,,,,,,,,,,,,,,
,1008112,,,,,,702.7327702,,,,,,,,,,,
513.0180991045083,1009000,,,,,,,,,,,,,,,,,
523.3849187605971,1010000,,,,,,,,,,,,,,,,,
,1010160,,,,,,701.7189036100001,,,,,,,,,,,
525.6579072343848,1011000,,,,,,,,,,,,,,,,,
553.4827219,1012000,,,,,,,,,,,,,,,,,
,1012208,,,,,,695.6128809999999,,,,,,,,,,,
551.7754766470025,1013000,,,,,,,,,,,,,,,,,
484.33208607461273,1014000,,,,,,,,,,,,,,,,,
,1014256,,,,,,687.2281524000001,,,,,,,,,,,
502.3887514031609,1015000,,,,,,,,,,,,,,,,,
458.6749376936321,1016000,,,,,,,,,,,,,,,,,
,1016304,,,,,,671.8733636500001,,,,,,,,,,,
233.9610014810205,1017000,,,,,,,,,,,,,,,,,
212.76816314403914,1018000,,,,,,,,,,,,,,,,,
,1018352,,,,,,667.6771781499999,,,,,,,,,,,
433.36041608581434,1019000,,,,,,,,,,,,,,,,,
228.77012838633817,1020000,,,,,,,,,,,,,,,,,
,1020400,,,,,,660.9833185399999,,,,,,,,,,,
220.7047654819973,1021000,,,,,,,,,,,,,,,,,
313.80915999362986,1022000,,,,,,,,,,,,,,,,,
,1022448,,,,,,618.9309980599999,,,,,,,,,,,
268.6687506118789,1023000,,,,,,,,,,,,,,,,,
164.54265008585935,1024000,,,,,,,,,,,,,,,,,
,1024496,,,,,,562.5694311899999,,,,,,,,,,,
164.31680455867246,1025000,,,,,,,,,,,,,,,,,
225.70234221022983,1026000,,,,,,,,,,,,,,,,,
,1026544,,,,,,465.85918102999995,,,,,,,,,,,
167.37269943685678,1027000,,,,,,,,,,,,,,,,,
228.3182785973244,1028000,,,,,,,,,,,,,,,,,
,1028592,,,,,,427.3236421,,,,,,,,,,,
162.84744707119899,1029000,,,,,,,,,,,,,,,,,
165.69965095008956,1030000,,,,,,,,,,,,,,,,,
,1030640,,,,,,370.2284732,,,,,,,,,,,
233.25283770451932,1031000,,,,,,,,,,,,,,,,,
208.10677830225615,1032000,,,,,,,,,,,,,,,,,
,1032688,,,,,,306.6219144,,,,,,,,,,,
182.68579405552518,1033000,,,,,,,,,,,,,,,,,
290.3165263656054,1034000,,,,,,,,,,,,,,,,,
,1034736,,,,,,279.7925764,,,,,,,,,,,
166.16857170296788,1035000,,,,,,,,,,,,,,,,,
183.25097550278733,1036000,,,,,,,,,,,,,,,,,
,1036784,,,,,,244.50877530000002,,,,,,,,,,,
182.0948521734048,1037000,,,,,,,,,,,,,,,,,
179.75779023511714,1038000,,,,,,,,,,,,,,,,,
,1038832,,,,,,224.01302491999996,,,,,,,,,,,
187.2500152122462,1039000,,,,,,,,,,,,,,,,,
181.60460114996386,1040000,,,,,,,,,,,,,,,,,
,1040880,,,,,,217.35263355000004,,,,,,,,,,,
174.4686411276263,1041000,,,,,,,,,,,,,,,,,
184.9759432017592,1042000,,,,,,,,,,,,,,,,,
,1042928,,,,,,207.66210421000002,,,,,,,,,,,
180.62691050574213,1043000,,,,,,,,,,,,,,,,,
191.81077242693135,1044000,,,,,,,,,,,,,,,,,
,1044976,,,,,,200.19413262000006,,,,,,,,,,,
182.57134847977358,1045000,,,,,,,,,,,,,,,,,
181.98731453789733,1046000,,,,,,,,,,,,,,,,,
169.47145452976548,1047000,,,,,,,,,,,,,,,,,
,1047024,,,,,,189.3273311,,,,,,,,,,,
181.24687036995675,1048000,,,,,,,,,,,,,,,,,
163.33928139195558,1049000,,,,,,,,,,,,,,,,,
,1049072,,,,,,186.5525635,,,,,,,,,,,
173.0610965,1050000,,,,,,,,,,,,,,,,,
180.2065890268139,1051000,,,,,,,,,,,,,,,,,
,1051120,,,,,,190.05390590999997,,,,,,,,,,,
160.10452492506812,1052000,,,,,,,,,,,,,,,,,
171.39479730620732,1053000,,,,,,,,,,,,,,,,,
,1053168,,,,,,189.39159905000005,,,,,,,,,,,
165.8769523486917,1054000,,,,,,,,,,,,,,,,,
168.86413279422123,1055000,,,,,,,,,,,,,,,,,
,1055216,,,,,,190.554088,,,,,,,,,,,
178.7297655419061,1056000,,,,,,,,,,,,,,,,,
176.45088189215386,1057000,,,,,,,,,,,,,,,,,
,1057264,,,,,,190.67551996000003,,,,,,,,,,,
169.21722215329282,1058000,,,,,,,,,,,,,,,,,
174.14023603904062,1059000,,,,,,,,,,,,,,,,,
,1059312,,,,,,192.13736961999996,,,,,,,,,,,
190.28760977199198,1060000,,,,,,,,,,,,,,,,,
183.71474155029864,1061000,,,,,,,,,,,,,,,,,
,1061360,,,,,,193.47908113000005,,,,,,,,,,,
199.22116088519616,1062000,,,,,,,,,,,,,,,,,
201.40033077016125,1063000,,,,,,,,,,,,,,,,,
,1063408,,,,,,196.00439687999994,,,,,,,,,,,
202.54479691833768,1064000,,,,,,,,,,,,,,,,,
201.93621956220812,1065000,,,,,,,,,,,,,,,,,
,1065456,,,,,,200.06822068999998,,,,,,,,,,,
192.2185141193404,1066000,,,,,,,,,,,,,,,,,
193.14528456170373,1067000,,,,,,,,,,,,,,,,,
,1067504,,,,,,203.81482753000003,,,,,,,,,,,
197.51605019979615,1068000,,,,,,,,,,,,,,,,,
197.83003316073518,1069000,,,,,,,,,,,,,,,,,
,1069552,,,,,,206.18874502000003,,,,,,,,,,,
199.2792109888258,1070000,,,,,,,,,,,,,,,,,
198.9076609547723,1071000,,,,,,,,,,,,,,,,,
,1071600,,,,,,210.5719482,,,,,,,,,,,
211.66905727161938,1072000,,,,,,,,,,,,,,,,,
212.67274485054295,1073000,,,,,,,,,,,,,,,,,
,1073648,,,,,,212.0516208,,,,,,,,,,,
220.00561134605087,1074000,,,,,,,,,,,,,,,,,
217.93914804844607,1075000,,,,,,,,,,,,,,,,,
,1075696,,,,,,214.10097111000002,,,,,,,,,,,
219.9371448,1076000,,,,,,,,,,,,,,,,,
208.52101341886592,1077000,,,,,,,,,,,,,,,,,
,1077744,,,,,,218.63384017000004,,,,,,,,,,,
214.79981332062962,1078000,,,,,,,,,,,,,,,,,
193.30040717764933,1079000,,,,,,,,,,,,,,,,,
,1079792,,,,,,217.59116478000004,,,,,,,,,,,
197.75127925026973,1080000,,,,,,,,,,,,,,,,,
192.40740081406548,1081000,,,,,,,,,,,,,,,,,
,1081840,,,,,,213.19568832000002,,,,,,,,,,,
203.10820546217292,1082000,,,,,,,,,,,,,,,,,
203.61104407956373,1083000,,,,,,,,,,,,,,,,,
,1083888,,,,,,214.90126764000001,,,,,,,,,,,
211.87828753301147,1084000,,,,,,,,,,,,,,,,,
211.29465628851466,1085000,,,,,,,,,,,,,,,,,
,1085936,,,,,,215.3012096,,,,,,,,,,,
221.68139392053416,1086000,,,,,,,,,,,,,,,,,
227.54558536790645,1087000,,,,,,,,,,,,,,,,,
,1087984,,,,,,217.03945463000002,,,,,,,,,,,
228.88787248779045,1088000,,,,,,,,,,,,,,,,,
230.77413110425476,1089000,,,,,,,,,,,,,,,,,
232.25712926258058,1090000,,,,,,,,,,,,,,,,,
,1090032,,,,,,217.80417570999998,,,,,,,,,,,
237.1252624,1091000,,,,,,,,,,,,,,,,,
228.24496922868857,1092000,,,,,,,,,,,,,,,,,
,1092080,,,,,,223.41284456000002,,,,,,,,,,,
236.74366733905117,1093000,,,,,,,,,,,,,,,,,
238.0145869049884,1094000,,,,,,,,,,,,,,,,,
,1094128,,,,,,225.72121193000007,,,,,,,,,,,
232.50353752684896,1095000,,,,,,,,,,,,,,,,,
242.01304769660638,1096000,,,,,,,,,,,,,,,,,
,1096176,,,,,,228.14864961999996,,,,,,,,,,,
240.24794390227254,1097000,,,,,,,,,,,,,,,,,
236.70003811465867,1098000,,,,,,,,,,,,,,,,,
,1098224,,,,,,234.1813753,,,,,,,,,,,
226.78592225948742,1099000,,,,,,,,,,,,,,,,,
220.4890001659449,1100000,,,,,,,,,,,,,,,,,
,1100272,,,,,,240.0072501,,,,,,,,,,,
217.51653449842124,1101000,,,,,,,,,,,,,,,,,
224.0682878898646,1102000,,,,,,,,,,,,,,,,,
,1102320,,,,,,247.09190794999998,,,,,,,,,,,
224.43009971059146,1103000,,,,,,,,,,,,,,,,,
228.50106698364033,1104000,,,,,,,,,,,,,,,,,
,1104368,,,,,,251.30903677000003,,,,,,,,,,,
233.2331777,1105000,,,,,,,,,,,,,,,,,
240.9594931554202,1106000,,,,,,,,,,,,,,,,,
,1106416,,,,,,253.425745,,,,,,,,,,,
232.55030188849196,1107000,,,,,,,,,,,,,,,,,
239.25649234481025,1108000,,,,,,,,,,,,,,,,,
,1108464,,,,,,255.6790793,,,,,,,,,,,
251.22658555067173,1109000,,,,,,,,,,,,,,,,,
249.3010878840505,1110000,,,,,,,,,,,,,,,,,
,1110512,,,,,,256.8558669,,,,,,,,,,,
250.83565058019522,1111000,,,,,,,,,,,,,,,,,
269.38705100113583,1112000,,,,,,,,,,,,,,,,,
,1112560,,,,,,256.65971064999997,,,,,,,,,,,
271.1274045734135,1113000,,,,,,,,,,,,,,,,,
267.7992701,1114000,,,,,,,,,,,,,,,,,
,1114608,,,,,,254.09067418000004,,,,,,,,,,,
251.65859927059864,1115000,,,,,,,,,,,,,,,,,
234.03642164239645,1116000,,,,,,,,,,,,,,,,,
,1116656,,,,,,259.7613699,,,,,,,,,,,
240.16253845370375,1117000,,,,,,,,,,,,,,,,,
256.4743584820841,1118000,,,,,,,,,,,,,,,,,
,1118704,,,,,,260.05611497999996,,,,,,,,,,,
234.84423549446439,1119000,,,,,,,,,,,,,,,,,
233.14938428736642,1120000,,,,,,,,,,,,,,,,,
,1120752,,,,,,262.2413822,,,,,,,,,,,
271.2367393264496,1121000,,,,,,,,,,,,,,,,,
245.21403797741513,1122000,,,,,,,,,,,,,,,,,
,1122800,,,,,,266.0393164,,,,,,,,,,,
240.18019517542416,1123000,,,,,,,,,,,,,,,,,
258.8066623711704,1124000,,,,,,,,,,,,,,,,,
,1124848,,,,,,272.620424,,,,,,,,,,,
272.6516572316039,1125000,,,,,,,,,,,,,,,,,
268.51227848772686,1126000,,,,,,,,,,,,,,,,,
,1126896,,,,,,276.3487929,,,,,,,,,,,
291.89284819329333,1127000,,,,,,,,,,,,,,,,,
285.1756875353931,1128000,,,,,,,,,,,,,,,,,
,1128944,,,,,,281.7842074,,,,,,,,,,,
276.7562446001051,1129000,,,,,,,,,,,,,,,,,
282.79259823892863,1130000,,,,,,,,,,,,,,,,,
,1130992,,,,,,287.6612099,,,,,,,,,,,
277.25777199131187,1131000,,,,,,,,,,,,,,,,,
276.61610691943935,1132000,,,,,,,,,,,,,,,,,
277.19085237603866,1133000,,,,,,,,,,,,,,,,,
,1133040,,,,,,294.12387108999997,,,,,,,,,,,
286.5635046927615,1134000,,,,,,,,,,,,,,,,,
277.5597214626338,1135000,,,,,,,,,,,,,,,,,
,1135088,,,,,,299.5058002,,,,,,,,,,,
273.4417777145907,1136000,,,,,,,,,,,,,,,,,
290.8846966691053,1137000,,,,,,,,,,,,,,,,,
,1137136,,,,,,304.49034234999993,,,,,,,,,,,
265.74446751910216,1138000,,,,,,,,,,,,,,,,,
278.73140505536503,1139000,,,,,,,,,,,,,,,,,
,1139184,,,,,,304.4757296,,,,,,,,,,,
262.41641580568466,1140000,,,,,,,,,,,,,,,,,
257.918041,1141000,,,,,,,,,,,,,,,,,
,1141232,,,,,,304.4007365,,,,,,,,,,,
258.9529829679086,1142000,,,,,,,,,,,,,,,,,
282.8999033457192,1143000,,,,,,,,,,,,,,,,,
,1143280,,,,,,310.90217750000005,,,,,,,,,,,
303.99471847602547,1144000,,,,,,,,,,,,,,,,,
295.8730526096406,1145000,,,,,,,,,,,,,,,,,
,1145328,,,,,,314.41240902000004,,,,,,,,,,,
281.21706651797865,1146000,,,,,,,,,,,,,,,,,
291.5070566555165,1147000,,,,,,,,,,,,,,,,,
,1147376,,,,,,315.50903192999994,,,,,,,,,,,
289.19791771332456,1148000,,,,,,,,,,,,,,,,,
285.13344330664114,1149000,,,,,,,,,,,,,,,,,
,1149424,,,,,,316.21448918999994,,,,,,,,,,,
277.65913848393683,1150000,,,,,,,,,,,,,,,,,
269.7941911165202,1151000,,,,,,,,,,,,,,,,,
