train/actor_loss,train/n_updates,train/ent_coef,time/total_timesteps,train/learning_rate,time/fps,time/episodes,rollout/ep_len_mean,rollout/ep_rew_mean,train/critic_loss,train/ent_coef_loss,time/time_elapsed,eval/mean_ep_length,eval/mean_reward
-3.459120273590088,200,0.9420239329338074,301,0.0003,22,4,75.25,24.9866175,0.1543993204832077,-0.2004822939634323,13,,
-4.473803520202637,488,0.8640414476394653,589,0.0003,22,8,73.625,20.640404375000003,0.06148073077201843,-0.4905032515525818,26,,
-5.630193710327148,770,0.793945848941803,871,0.0003,22,12,72.58333333333333,20.765774333333336,0.3376883864402771,-0.7768570184707642,39,,
-6.54554557800293,899,0.7637958526611328,1000,0.0003,,,,,0.060521699488162994,-0.9059739708900452,,213.6,100.02763607235246
-7.274946212768555,1092,0.720837414264679,1193,0.0003,16,16,74.5625,19.949543875000003,0.143471360206604,-1.103625774383545,71,,
-8.626100540161133,1319,0.6733847856521606,1420,0.0003,17,20,71.0,21.558935050000002,0.1291373074054718,-1.331114411354065,82,,
-9.550027847290039,1567,0.6251121163368225,1668,0.0003,17,24,69.5,20.629017125,0.1207130029797554,-1.575842022895813,94,,
-10.272567749023438,1848,0.5745872259140015,1949,0.0003,18,28,69.60714285714286,21.285070321428574,0.15886588394641876,-1.8710181713104248,107,,
-10.242366790771484,1899,0.565872073173523,2000,0.0003,,,,,0.15454795956611633,-1.9058854579925537,,181.8,106.54819973565682
-10.950372695922852,2027,0.5445743203163147,2128,0.0003,15,32,66.5,20.265204625000003,0.15664389729499817,-2.0496950149536133,133,,
-11.936761856079102,2229,0.5125842094421387,2330,0.0003,16,36,64.72222222222223,20.482137861111116,0.341972291469574,-2.2326302528381348,144,,
-12.979423522949219,2531,0.468275785446167,2632,0.0003,16,40,65.8,20.625898175,0.30080583691596985,-2.5608625411987305,157,,
-13.660158157348633,2715,0.44320613145828247,2816,0.0003,16,44,64.0,20.29319018181818,0.28120726346969604,-2.732640266418457,167,,
-13.846871376037598,2899,0.4195086658000946,3000,0.0003,,,,,0.22229354083538055,-2.9125447273254395,,116.8,58.118445499035076
-13.95753288269043,2949,0.41329824924468994,3050,0.0003,15,48,63.541666666666664,20.483665854166667,0.23823758959770203,-2.9281508922576904,192,,
-14.942291259765625,3188,0.3848682940006256,3289,0.0003,16,52,63.25,20.915336173076927,0.2748674154281616,-3.1868085861206055,203,,
-14.782818794250488,3383,0.36315038800239563,3484,0.0003,16,56,62.214285714285715,20.990170410714285,0.26246604323387146,-3.3680577278137207,214,,
-15.153173446655273,3591,0.3413461148738861,3692,0.0003,16,60,61.53333333333333,21.17186463333333,0.5255824327468872,-3.568671226501465,225,,
-15.751349449157715,3790,0.32177016139030457,3891,0.0003,16,64,60.796875,21.389108578125,0.5022860169410706,-3.703342914581299,235,,
-16.08860969543457,3899,0.31155475974082947,4000,0.0003,,,,,0.356642484664917,-3.8583474159240723,,130.0,64.60061251761181
-15.211091995239258,4044,0.29847246408462524,4145,0.0003,15,68,60.955882352941174,21.532011529411765,0.4361444413661957,-3.941519260406494,261,,
-16.470176696777344,4223,0.2831042408943176,4324,0.0003,15,72,60.05555555555556,21.533131444444443,0.29264041781425476,-4.130645751953125,271,,
-17.278379440307617,4393,0.2692983150482178,4494,0.0003,15,76,59.13157894736842,21.76881261842105,0.487284779548645,-4.268368721008301,281,,
-17.116920471191406,4628,0.2514583170413971,4729,0.0003,16,80,59.1125,22.165453037500004,0.5541690587997437,-4.306344985961914,292,,
-17.698898315429688,4885,0.2334393411874771,4986,0.0003,16,84,59.357142857142854,22.918197785714288,1.2396931648254395,-4.533495903015137,304,,
-17.30434799194336,4899,0.2325039654970169,5000,0.0003,,,,,0.5959135293960571,-4.5183563232421875,,157.8,119.47746652633104
-18.28015899658203,5111,0.21890102326869965,5212,0.0003,15,88,59.22727272727273,23.91925171590909,0.9359889626502991,-4.606987476348877,331,,
-17.693153381347656,5308,0.2072744518518448,5409,0.0003,15,92,58.79347826086956,24.525926141304343,0.8213905692100525,-4.495628833770752,342,,
-18.735816955566406,5514,0.19609753787517548,5615,0.0003,15,96,58.489583333333336,25.131461364583334,0.6799129247665405,-4.562715530395508,352,,
-19.575481414794922,5790,0.18231745064258575,5891,0.0003,16,100,58.91,26.411056900000002,1.3561725616455078,-4.316929817199707,365,,
-18.7054500579834,5899,0.1772049516439438,6000,0.0003,,,,,1.0922235250473022,-4.414827346801758,,156.6,178.89634155452623
-19.64132308959961,6051,0.1704125702381134,6152,0.0003,15,104,58.51,27.754204380000004,1.6512434482574463,-4.550571441650391,393,,
-20.987220764160156,6214,0.16343991458415985,6315,0.0003,15,108,57.26,28.29763915,1.2346558570861816,-4.706494331359863,402,,
-20.178974151611328,6395,0.1559196263551712,6496,0.0003,15,112,56.25,28.512404839999995,0.9627809524536133,-4.439235687255859,412,,
-22.997201919555664,6508,0.151402086019516,6609,0.0003,15,116,54.16,28.42369004,1.014176607131958,-4.396066665649414,420,,
-21.660751342773438,6629,0.146620512008667,6730,0.0003,15,120,53.1,28.05351813,1.539849042892456,-4.687009811401367,429,,
-20.75273895263672,6771,0.14119823276996613,6872,0.0003,15,124,52.04,28.392883150000003,1.7297918796539307,-4.615664482116699,437,,
-22.64989471435547,6881,0.1371486335992813,6982,0.0003,15,128,50.33,27.891158429999997,3.570451259613037,-4.723623275756836,445,,
-21.617267608642578,6899,0.13648469746112823,7000,0.0003,,,,,1.5228006839752197,-4.421704292297363,,136.6,178.83566003658672
-21.32534408569336,7021,0.13211098313331604,7122,0.0003,15,132,49.94,28.099362930000005,1.1912678480148315,-4.6453776359558105,468,,
-21.98147964477539,7165,0.12707635760307312,7266,0.0003,15,136,49.36,28.293826,1.0366333723068237,-5.066930294036865,477,,
-23.174964904785156,7323,0.12170857191085815,7424,0.0003,15,140,47.92,28.551411810000005,0.6871369481086731,-5.1201605796813965,487,,
-23.24197769165039,7494,0.11620822548866272,7595,0.0003,15,144,47.79,29.288091050000006,1.4411396980285645,-4.62101936340332,496,,
-22.984939575195312,7766,0.10801305621862411,7867,0.0003,15,148,48.17,30.685146829999997,1.8581218719482422,-4.8454413414001465,509,,
-23.315834045410156,7899,0.10423913598060608,8000,0.0003,,,,,1.1215784549713135,-4.878114700317383,,220.4,205.65517129918334
-22.087732315063477,8034,0.10051753371953964,8135,0.0003,15,152,48.46,31.63805382,1.0177836418151855,-5.135438919067383,540,,
-23.168346405029297,8460,0.08991339802742004,8561,0.0003,15,156,50.77,33.196231620000006,0.9310561418533325,-4.132389068603516,557,,
-23.011512756347656,8899,0.0808311402797699,9000,0.0003,,,,,1.9223638772964478,-4.255059242248535,,189.4,120.21501905406585
-23.853233337402344,9013,0.07872229069471359,9114,0.0003,15,160,54.22,34.900911810000004,1.4030417203903198,-3.7494027614593506,594,,
-23.531984329223633,9446,0.07156636565923691,9547,0.0003,15,164,56.56,35.32954588,2.1174988746643066,-3.287026882171631,611,,
-23.604583740234375,9772,0.06673410534858704,9873,0.0003,15,168,57.28,35.87921245,1.8662081956863403,-3.4434974193573,626,,
-21.851394653320312,9899,0.06485547125339508,10000,0.0003,,,,,1.9808346033096313,-3.0745627880096436,,196.2,112.94784152752909
-22.543846130371094,10171,0.06113426387310028,10272,0.0003,15,172,59.48,36.72837543,2.7883503437042236,-2.7380685806274414,659,,
-23.585033416748047,10504,0.05679265037178993,10605,0.0003,15,176,61.11,36.94308598,3.0416061878204346,-2.7153003215789795,673,,
-24.06740951538086,10899,0.05223361775279045,11000,0.0003,,,,,3.5345396995544434,-3.1088063716888428,,214.0,127.95081781683439
-24.819231033325195,10970,0.05148046091198921,11071,0.0003,15,180,63.42,37.485424329999994,3.085081100463867,-3.4897522926330566,709,,
-27.570316314697266,11276,0.048285745084285736,11377,0.0003,15,184,63.91,37.369838949999995,1.5082156658172607,-1.940360426902771,723,,
-26.532960891723633,11576,0.045649636536836624,11677,0.0003,15,188,64.65,37.05548039999999,1.8567283153533936,-1.4894506931304932,736,,
-24.988834381103516,11899,0.04291573539376259,12000,0.0003,,,,,1.943115234375,-1.2396680116653442,,169.0,169.18090841206904
-24.022979736328125,12023,0.04199882969260216,12124,0.0003,15,192,67.15,37.92817216,2.230966091156006,-1.7309207916259766,770,,
-25.561140060424805,12413,0.038980286568403244,12514,0.0003,15,196,68.99,38.255054449999996,1.3356938362121582,-2.2731733322143555,786,,
-26.31833267211914,12794,0.03614596650004387,12895,0.0003,16,200,70.04,38.508587819999995,1.2750282287597656,-1.9934041500091553,801,,
-27.686325073242188,12899,0.0354098416864872,13000,0.0003,,,,,2.410860061645508,-1.429924488067627,,174.8,114.61877659631173
-26.8518123626709,13192,0.033529698848724365,13293,0.0003,15,204,71.41,37.81204938999999,1.8425118923187256,-2.3431782722473145,833,,
-27.821533203125,13569,0.03158982843160629,13670,0.0003,16,208,73.55,38.5527823,1.5844535827636719,-1.4604628086090088,849,,
-27.215286254882812,13899,0.03007621504366398,14000,0.0003,,,,,1.0317378044128418,-1.160304307937622,,194.2,143.8197073867006
-27.549488067626953,14022,0.02946140617132187,14123,0.0003,15,212,76.27,40.389867409999994,0.971458911895752,-1.3640804290771484,884,,
-25.815509796142578,14362,0.028184905648231506,14463,0.0003,16,216,78.54,42.05960712000001,1.135726809501648,-0.4555256962776184,898,,
-28.003400802612305,14732,0.026858799159526825,14833,0.0003,16,220,81.03,43.34008321,0.9820917844772339,-0.7154027223587036,913,,
-26.957752227783203,14899,0.026256052777171135,15000,0.0003,,,,,0.76233971118927,-1.572718620300293,,161.0,88.0570883427783
-28.196514129638672,15222,0.025491809472441673,15323,0.0003,16,224,84.51,44.94844507,0.6816112995147705,-0.9791420698165894,948,,
-30.579051971435547,15623,0.024492505937814713,15724,0.0003,16,228,87.42,46.473816799999994,1.153880000114441,-1.0223393440246582,964,,
-28.56522560119629,15899,0.02438526228070259,16000,0.0003,,,,,1.4020609855651855,-0.3587947189807892,,191.4,133.48329870826745
-28.48365020751953,16022,0.024595722556114197,16123,0.0003,16,232,90.01,48.26874688,0.8230919241905212,-0.29636266827583313,997,,
-29.11147689819336,16484,0.02598140574991703,16585,0.0003,16,236,93.19,50.686145130000014,1.0874664783477783,-0.04549500346183777,1015,,
-27.99689292907715,16899,0.02715397998690605,17000,0.0003,,,,,1.1654012203216553,0.7502435445785522,,180.6,252.26682463009237
-27.382116317749023,16973,0.027553999796509743,17074,0.0003,16,240,96.5,52.84352604,0.9383879899978638,0.834980309009552,1050,,
-28.286855697631836,17377,0.028894394636154175,17478,0.0003,16,244,98.83,54.586562480000005,1.7238452434539795,1.3032830953598022,1067,,
-31.551118850708008,17770,0.031332459300756454,17871,0.0003,16,248,100.04,55.03605785,1.0233993530273438,0.6316928863525391,1083,,
-30.64883804321289,17899,0.03194309398531914,18000,0.0003,,,,,0.7162654399871826,-0.18210469186306,,193.8,244.53342547114443
-29.845182418823242,18156,0.03302507475018501,18257,0.0003,16,252,101.22,56.69120059,1.5745298862457275,0.24842627346515656,1115,,
-31.223033905029297,18515,0.034379877150058746,18616,0.0003,16,256,100.55,57.45985477999999,1.417187213897705,0.46027761697769165,1131,,
-29.318927764892578,18871,0.03609712794423103,18972,0.0003,16,260,98.58,58.22912486999999,0.852864146232605,-0.3495284914970398,1145,,
-29.352903366088867,18899,0.0361071452498436,19000,0.0003,,,,,0.8070483207702637,0.5000118017196655,,186.0,240.32615477712244
-28.79500961303711,19252,0.03796302154660225,19353,0.0003,16,264,98.06,60.60020968,1.057098150253296,0.392339825630188,1178,,
-30.77719497680664,19553,0.03892022371292114,19654,0.0003,16,268,97.81,61.18666654,0.9449645280838013,0.22463874518871307,1191,,
-32.13802719116211,19899,0.0392654687166214,20000,0.0003,,,,,0.8820474147796631,-0.7474366426467896,,194.0,248.7205927225241
-32.089393615722656,19960,0.03933602198958397,20061,0.0003,16,272,97.89,63.77921194999999,1.539101004600525,-0.09720975160598755,1225,,
-30.491687774658203,20272,0.03953181579709053,20373,0.0003,16,276,97.68,65.99781037999999,0.9717915058135986,0.04192443937063217,1238,,
-32.97419738769531,20620,0.03987882658839226,20721,0.0003,16,280,96.5,68.10273216,0.7953773736953735,0.9443032741546631,1253,,
-33.495460510253906,20899,0.04023773595690727,21000,0.0003,,,,,0.8688269257545471,0.7820124626159668,,204.2,217.15125748233405
-34.11503219604492,20975,0.04051535576581955,21076,0.0003,16,284,96.99,70.56785320000002,0.9508731365203857,-0.4158182442188263,1286,,
-34.535850524902344,21304,0.04156727343797684,21405,0.0003,16,288,97.28,72.64846716000001,1.4639617204666138,-0.4601830244064331,1300,,
-33.2265739440918,21651,0.04282107576727867,21752,0.0003,16,292,96.28,74.09706633,1.0564507246017456,-0.0498223602771759,1315,,
-32.375953674316406,21899,0.0431482195854187,22000,0.0003,,,,,0.8730647563934326,0.5523717999458313,,189.8,246.2263493478822
-35.95288848876953,21969,0.04345618560910225,22070,0.0003,16,296,95.56,74.96258902,1.341294527053833,0.1623629629611969,1345,,
-33.587257385253906,22320,0.04478911682963371,22421,0.0003,16,300,95.26,76.16217350000001,1.0421483516693115,0.05195435881614685,1360,,
-32.338706970214844,22660,0.044713959097862244,22761,0.0003,16,304,94.68,78.06804062,1.3009388446807861,-0.06538920104503632,1375,,
-36.581092834472656,22899,0.04502464085817337,23000,0.0003,,,,,0.8851004838943481,0.5453752875328064,,210.2,285.83543226594776
-36.64844512939453,23059,0.04569203034043312,23160,0.0003,16,308,94.9,80.11667843000001,1.0813138484954834,-0.6621252298355103,1409,,
-34.787681579589844,23337,0.04610728099942207,23438,0.0003,16,312,93.15,80.21822051,0.806025505065918,-0.29883840680122375,1422,,
-36.80121612548828,23689,0.04613953456282616,23790,0.0003,16,316,93.27,81.52125586,1.1523209810256958,0.6460863947868347,1436,,
-37.528724670410156,23899,0.04592668637633324,24000,0.0003,,,,,1.1034786701202393,0.23319455981254578,,207.0,298.46984018131405
-36.45426940917969,24081,0.046207599341869354,24182,0.0003,16,320,93.49,83.77244402000001,1.4586536884307861,0.12747785449028015,1470,,
-37.41729736328125,24425,0.04610488563776016,24526,0.0003,16,324,92.03,84.66800246999999,0.9598764777183533,-0.4464564621448517,1485,,
-35.25761032104492,24881,0.045948732644319534,24982,0.0003,16,328,92.58,86.97358008,1.1257010698318481,0.09077136218547821,1503,,
-38.41613006591797,24899,0.045848459005355835,25000,0.0003,,,,,1.1298518180847168,0.05728158354759216,,285.4,301.44218529777646
-37.66443634033203,25315,0.044995442032814026,25416,0.0003,16,332,92.93,88.62399009,2.024444818496704,0.27594637870788574,1542,,
-39.698509216308594,25749,0.046011656522750854,25850,0.0003,16,336,92.65,89.37755080999999,0.9739673137664795,-0.02288157492876053,1559,,
-38.64772033691406,25899,0.04626702144742012,26000,0.0003,,,,,0.8739973306655884,-0.08295285701751709,,264.0,271.0916768859923
-40.274513244628906,26246,0.048021312803030014,26347,0.0003,16,340,92.73,91.08569596000002,1.6833066940307617,0.05120190978050232,1598,,
-41.40050506591797,26632,0.04927634820342064,26733,0.0003,16,344,92.55,91.71196588000001,1.7673701047897339,0.006433591246604919,1614,,
-39.57644271850586,26899,0.0499197393655777,27000,0.0003,,,,,1.158129334449768,0.5287876129150391,,253.8,301.4494345729836
-37.94960021972656,27082,0.05101446434855461,27183,0.0003,16,348,93.12,93.21059633,0.8911114931106567,-0.3318096399307251,1652,,
-42.429195404052734,27543,0.05194883793592453,27644,0.0003,16,352,93.87,93.77235062,0.9739831686019897,0.5896442532539368,1670,,
-40.96113586425781,27899,0.0523420013487339,28000,0.0003,,,,,1.051285982131958,0.638861358165741,,254.8,265.407984763867
-41.62956237792969,28036,0.05253797769546509,28137,0.0003,16,356,95.21,95.09611096,1.0220069885253906,-0.3534048795700073,1709,,
-42.6614875793457,28477,0.0543229915201664,28578,0.0003,16,360,96.06,95.96191098000001,2.259737968444824,0.4787063002586365,1726,,
-42.38737487792969,28857,0.05411946773529053,28958,0.0003,16,364,96.05,96.19659999,1.1640821695327759,-0.146499365568161,1742,,
-40.15043258666992,28899,0.05413924902677536,29000,0.0003,,,,,0.9230114221572876,-0.5179324746131897,,309.4,318.61748591662433
-45.060890197753906,29312,0.05668316036462784,29413,0.0003,16,368,97.59,98.11554059999999,1.6905115842819214,-0.39974454045295715,1782,,
-44.807159423828125,29707,0.05640497803688049,29808,0.0003,16,372,97.47,97.20872908,1.053292989730835,0.10526347905397415,1798,,
-44.17827606201172,29899,0.056608691811561584,30000,0.0003,,,,,1.4573930501937866,0.012037813663482666,,285.0,320.0300436676927
-42.41427230834961,30224,0.0568593367934227,30325,0.0003,16,376,99.52,98.73923864,1.710984468460083,0.21747583150863647,1840,,
-45.087547302246094,30593,0.05727159231901169,30694,0.0003,16,380,99.73,99.05903569,1.1784218549728394,-0.5680117607116699,1855,,
-43.31809616088867,30899,0.05765286460518837,31000,0.0003,,,,,1.134335994720459,-0.22889024019241333,,285.0,315.9548680271935
-44.72928237915039,31023,0.058199625462293625,31124,0.0003,16,384,100.48,99.74696951999998,1.5713706016540527,0.07516902685165405,1894,,
-46.627647399902344,31427,0.059045691043138504,31528,0.0003,16,388,101.23,100.45400671000002,1.0923271179199219,-0.0044748783111572266,1910,,
-47.331016540527344,31764,0.06068921461701393,31865,0.0003,16,392,101.13,100.36934465,1.5506460666656494,-0.6583345532417297,1925,,
-44.961822509765625,31899,0.060950614511966705,32000,0.0003,,,,,2.2544572353363037,-0.611869752407074,,262.6,284.0384511600314
-47.075225830078125,32231,0.06217092648148537,32332,0.0003,16,396,102.62,101.95478431999996,1.6009503602981567,0.6951144933700562,1963,,
-45.540462493896484,32650,0.0634569451212883,32751,0.0003,16,400,103.3,102.28926729000003,1.3530793190002441,-0.44011354446411133,1980,,
-49.67047882080078,32899,0.06455349177122116,33000,0.0003,,,,,2.631054639816284,-0.4739069938659668,,274.6,278.4426509442648
-47.045433044433594,33045,0.06427235901355743,33146,0.0003,16,404,103.85,102.30341959000002,1.1274657249450684,0.1502598375082016,2017,,
-48.57609176635742,33413,0.06431429088115692,33514,0.0003,16,408,103.54,102.12363595999999,2.3154852390289307,0.3817960023880005,2032,,
-50.08921813964844,33723,0.06540900468826294,33824,0.0003,16,412,103.86,102.47758894,1.5102183818817139,-0.15174470841884613,2046,,
-48.54376983642578,33899,0.0654115304350853,34000,0.0003,,,,,1.5259352922439575,0.15376411378383636,,261.6,306.83326113784494
-49.1522102355957,34142,0.0656488835811615,34243,0.0003,16,416,104.53,102.50621237,1.6149303913116455,0.1947736144065857,2083,,
-47.975276947021484,34577,0.0672277882695198,34678,0.0003,16,420,104.96,102.03518735999997,1.9168282747268677,-0.16194619238376617,2100,,
-48.5206184387207,34899,0.06725160777568817,35000,0.0003,,,,,1.6656854152679443,-0.1031205803155899,,277.8,280.790916304665
-50.81161117553711,35014,0.06748349219560623,35115,0.0003,16,424,105.89,102.69874640000002,2.1665303707122803,0.5206952691078186,2139,,
-49.243797302246094,35312,0.06791849434375763,35413,0.0003,16,428,104.31,101.39060423000002,1.9664349555969238,-0.13533061742782593,2152,,
-49.190826416015625,35691,0.06815505772829056,35792,0.0003,16,432,103.76,100.80667954,1.8612602949142456,0.3066287934780121,2168,,
-50.974754333496094,35899,0.06853754073381424,36000,0.0003,,,,,2.9011850357055664,-0.11747349798679352,,263.2,253.4939524836751
-51.22929382324219,36142,0.06831074506044388,36243,0.0003,16,436,103.93,100.95590863000001,2.182163715362549,0.27656933665275574,2206,,
-50.416595458984375,36471,0.06912941485643387,36572,0.0003,16,440,102.25,99.50394557000001,2.0719261169433594,-0.17979609966278076,2220,,
-52.376380920410156,36851,0.06929441541433334,36952,0.0003,16,444,102.19,99.25199452000001,1.9927595853805542,0.03147253394126892,2236,,
-51.400917053222656,36899,0.06920155137777328,37000,0.0003,,,,,3.3806562423706055,-0.20009061694145203,,290.2,310.8228200468766
-54.47002410888672,37365,0.06927718967199326,37466,0.0003,16,448,102.83,99.76846015999999,2.2472403049468994,-0.4927884638309479,2277,,
-54.08148193359375,37750,0.06791642308235168,37851,0.0003,16,452,102.07,99.30617971999999,2.830307960510254,-0.3841390609741211,2293,,
-56.17669677734375,37899,0.06762111932039261,38000,0.0003,,,,,1.655616044998169,-0.006428942084312439,,265.6,323.4600015058695
-52.824180603027344,38269,0.06792667508125305,38370,0.0003,16,456,102.33,98.86176058999997,2.0788304805755615,0.6286826133728027,2333,,
-51.50364685058594,38582,0.06822782009840012,38683,0.0003,16,460,101.05,97.88323510999997,4.7359771728515625,1.0503464937210083,2347,,
-56.01567840576172,38899,0.06936758011579514,39000,0.0003,,,,,2.8476955890655518,0.6172869801521301,,270.8,301.04847120600317
-54.48529052734375,39145,0.06931452453136444,39246,0.0003,16,464,102.88,99.02477961000001,2.5136358737945557,-0.33152809739112854,2389,,
-54.891639709472656,39590,0.07031087577342987,39691,0.0003,16,468,102.78,98.50185125,1.7800837755203247,-0.8591872453689575,2406,,
-55.609317779541016,39899,0.07071594893932343,40000,0.0003,,,,,2.637272596359253,-0.13754357397556305,,278.4,306.5096351517477
-58.248207092285156,40126,0.07027457654476166,40227,0.0003,16,472,104.19,100.39375773999997,1.8932526111602783,-0.11229851841926575,2447,,
-55.856040954589844,40620,0.07130294293165207,40721,0.0003,16,476,103.96,99.68720573,2.896676778793335,-0.21738754212856293,2466,,
-57.0546875,40899,0.07115413248538971,41000,0.0003,,,,,2.154480457305908,-0.7572013139724731,,238.8,334.89934699431507
-57.73289489746094,41138,0.07147035747766495,41239,0.0003,16,480,105.45,100.45055595,3.363447904586792,-0.0322512686252594,2505,,
-51.723968505859375,41585,0.07068642973899841,41686,0.0003,16,484,105.62,99.50247787,2.1713175773620605,0.30938804149627686,2523,,
-57.93452453613281,41899,0.07054876536130905,42000,0.0003,,,,,2.9045958518981934,0.035636045038700104,,265.4,327.1257912615089
-58.02933120727539,42021,0.07010495662689209,42122,0.0003,16,488,105.94,99.75616588999999,1.7628684043884277,-0.0377352312207222,2561,,
-58.91325378417969,42397,0.0706922709941864,42498,0.0003,16,492,106.33,100.09084040000002,2.224924087524414,-0.5047813057899475,2576,,
-55.87731170654297,42877,0.07159176468849182,42978,0.0003,16,496,106.46,99.96583530999999,2.346802234649658,-0.2464211881160736,2595,,
-56.315582275390625,42899,0.07176107913255692,43000,0.0003,,,,,1.9463841915130615,0.6711790561676025,,280.0,333.61476813069055
-58.87779235839844,43341,0.07270635664463043,43442,0.0003,16,500,106.91,99.87157980000002,2.608412027359009,-0.19465012848377228,2634,,
-60.418514251708984,43826,0.07191216200590134,43927,0.0003,16,504,107.81,100.12441165000001,2.1825804710388184,0.4163503050804138,2653,,
-55.303321838378906,43899,0.07185325771570206,44000,0.0003,,,,,1.8913333415985107,-0.30443376302719116,,256.8,314.64070041212653
-56.72149658203125,44318,0.07250508666038513,44419,0.0003,16,508,109.05,101.22815670999998,2.35032320022583,0.8894906044006348,2692,,
-57.0421142578125,44690,0.07297715544700623,44791,0.0003,16,512,109.67,102.06453865999998,1.8759599924087524,-0.40388357639312744,2707,,
-59.32618713378906,44899,0.07216152548789978,45000,0.0003,,,,,3.731842041015625,0.4257262945175171,,207.2,290.30389387557153
-61.6595458984375,45072,0.07306042313575745,45173,0.0003,16,516,109.3,102.41472471000002,2.314516544342041,0.08595836162567139,2741,,
-57.99170684814453,45534,0.0726836696267128,45635,0.0003,16,520,109.57,103.22053854000002,1.8812668323516846,-0.0026983022689819336,2759,,
-60.27052307128906,45899,0.07303797453641891,46000,0.0003,,,,,1.9727622270584106,-0.14263372123241425,,264.0,326.9117052208887
-60.94392776489258,46126,0.07329508662223816,46227,0.0003,16,524,111.12,104.57808819,2.4939019680023193,0.3869268596172333,2801,,
-58.40713882446289,46549,0.07295473664999008,46650,0.0003,16,528,112.37,105.65283213999999,1.8361220359802246,0.031592950224876404,2818,,
-58.08757400512695,46899,0.07218468189239502,47000,0.0003,,,,,2.0186550617218018,-0.42412328720092773,,282.6,316.5646142709305
-61.33073043823242,47144,0.07312244176864624,47245,0.0003,16,532,114.53,107.19291459,2.4154763221740723,0.4927355647087097,2861,,
-57.88861846923828,47633,0.07241187244653702,47734,0.0003,16,536,114.91,106.82381514,1.809570074081421,0.38322684168815613,2880,,
-61.992835998535156,47899,0.07231616973876953,48000,0.0003,,,,,2.163677215576172,0.5202452540397644,,286.8,308.73805107256374
-61.520790100097656,48150,0.07231762260198593,48251,0.0003,16,540,116.79,107.85094197000001,2.569091796875,-0.31987056136131287,2921,,
-61.29934310913086,48592,0.07218972593545914,48693,0.0003,16,544,117.41,108.50779258,1.939990520477295,0.10276421904563904,2938,,
-62.214839935302734,48899,0.07164035737514496,49000,0.0003,,,,,4.876794815063477,-0.46326473355293274,,282.8,284.4601305078795
-60.32048034667969,49144,0.07106464356184006,49245,0.0003,16,548,117.79,108.19049845,2.7351155281066895,0.3465292453765869,2980,,
-60.352474212646484,49636,0.07186371088027954,49737,0.0003,16,552,118.86,108.56379957000001,1.5181325674057007,0.3356401324272156,2999,,
-61.390480041503906,49899,0.071747325360775,50000,0.0003,,,,,2.602160930633545,-0.2732166647911072,,284.8,297.5365325299681
-59.04518127441406,50156,0.07143791764974594,50257,0.0003,16,556,118.87,109.32371681000001,1.822422981262207,-0.5062677264213562,3041,,
-61.75902557373047,50551,0.07086730003356934,50652,0.0003,16,560,119.69,109.91748749,2.174894332885742,-0.022307217121124268,3057,,
-59.68682098388672,50899,0.07102306932210922,51000,0.0003,,,,,2.133953332901001,-0.23145627975463867,,282.8,313.60022051461635
-63.154441833496094,51160,0.0711425319314003,51261,0.0003,16,564,120.15,110.40139027999997,2.5437655448913574,-0.08398972451686859,3100,,
-61.52183532714844,51655,0.07080570608377457,51756,0.0003,16,568,120.65,111.40613302999996,3.0249805450439453,0.22251084446907043,3119,,
-63.45445251464844,51899,0.07114385068416595,52000,0.0003,,,,,4.705693244934082,0.29240354895591736,,255.2,262.33869118033215
-61.99507141113281,52159,0.07017850130796432,52260,0.0003,16,572,120.33,110.70381689,2.35170316696167,-0.22568470239639282,3158,,
-62.74916076660156,52602,0.07019250839948654,52703,0.0003,16,576,119.82,109.92604967999998,3.1638970375061035,0.20192795991897583,3176,,
-62.89486312866211,52899,0.07126015424728394,53000,0.0003,,,,,2.6913259029388428,-0.21848037838935852,,287.4,304.7323227500441
-62.648826599121094,53132,0.07147422432899475,53233,0.0003,16,580,119.94,109.39869339,2.3195457458496094,0.2910318374633789,3217,,
-63.37886047363281,53644,0.07062040269374847,53745,0.0003,16,584,120.59,110.31919411000001,4.860421180725098,0.30140721797943115,3236,,
-58.94615936279297,53899,0.07094411551952362,54000,0.0003,,,,,1.645140528678894,0.18605640530586243,,291.6,330.83337897152853
-60.28227996826172,54114,0.0712180808186531,54215,0.0003,16,588,120.93,109.90016743999999,1.7004497051239014,0.12427231669425964,3277,,
-62.46632385253906,54531,0.07127320766448975,54632,0.0003,16,592,121.34,110.34492505999997,2.011136293411255,-0.17285795509815216,3293,,
-59.694698333740234,54899,0.07058236002922058,55000,0.0003,,,,,3.1686673164367676,-0.2900981903076172,,245.0,329.39301447086325
-62.51708221435547,55113,0.06945858150720596,55214,0.0003,16,596,122.36,111.96794768999999,1.991657018661499,0.28906023502349854,3334,,
-62.57948303222656,55628,0.06913837045431137,55729,0.0003,16,600,122.87,112.24871447000001,2.3779046535491943,-0.25487446784973145,3354,,
-62.25074768066406,55899,0.06865095347166061,56000,0.0003,,,,,16.74791145324707,-0.2464410960674286,,300.6,315.2017031941799
-62.264915466308594,56147,0.06903127580881119,56248,0.0003,16,604,123.21,113.44087817999998,2.724514961242676,0.0315883532166481,3396,,
-61.64398193359375,56617,0.06883130222558975,56718,0.0003,16,608,122.99,112.85374488999997,2.0814743041992188,0.08611168712377548,3414,,
-60.47742462158203,56899,0.06812841445207596,57000,0.0003,,,,,1.5321341753005981,-0.4702681303024292,,313.4,332.38920402172226
-63.1927604675293,57101,0.06765437126159668,57202,0.0003,16,612,124.11,113.30557211,4.270915508270264,0.548115611076355,3455,,
-62.996456146240234,57583,0.06782607734203339,57684,0.0003,16,616,125.11,113.45512887999999,3.0912656784057617,-0.1036522164940834,3474,,
-66.07867431640625,57899,0.068065345287323,58000,0.0003,,,,,1.4776113033294678,-0.7293341755867004,,292.2,337.3446535385701
-61.76858139038086,58135,0.06770442426204681,58236,0.0003,16,620,126.01,113.88226662,2.5527920722961426,0.25613415241241455,3517,,
-65.43282318115234,58608,0.06836919486522675,58709,0.0003,16,624,124.82,112.59356551999997,2.131117820739746,-0.33558720350265503,3535,,
-63.07538604736328,58899,0.06761690974235535,59000,0.0003,,,,,1.792484998703003,-0.024529464542865753,,284.4,314.8474514322155
-66.30345153808594,59121,0.06761366873979568,59222,0.0003,16,628,125.72,114.20668303999999,2.8910109996795654,0.04867999255657196,3576,,
-62.915260314941406,59576,0.06770794093608856,59677,0.0003,16,632,124.32,113.71286664000002,3.228803873062134,-0.152577206492424,3594,,
-63.87210464477539,59899,0.06703800708055496,60000,0.0003,,,,,2.942690849304199,0.5741788148880005,,300.6,321.34802730926384
-66.31908416748047,60184,0.06742824614048004,60285,0.0003,16,636,125.51,115.10146952999999,2.6961958408355713,0.5513721704483032,3638,,
-60.0843505859375,60607,0.06746453791856766,60708,0.0003,16,640,124.57,115.16824224999999,13.747457504272461,0.2392742931842804,3655,,
-65.57746887207031,60899,0.06759115308523178,61000,0.0003,,,,,2.376432180404663,-0.7787855267524719,,318.0,326.43227159723426
-63.21857452392578,61156,0.06839115172624588,61257,0.0003,16,644,125.64,115.85134819999999,2.033686399459839,-0.08945630490779877,3699,,
-63.53117370605469,61638,0.06747046113014221,61739,0.0003,16,648,124.94,115.79965119999999,2.1926047801971436,0.8306069374084473,3718,,
-63.696022033691406,61899,0.06804265826940536,62000,0.0003,,,,,2.156609058380127,-0.7430667281150818,,290.8,335.4711928457931
-64.64064025878906,62299,0.06820522993803024,62400,0.0003,16,652,126.63,117.29384343,2.4050276279449463,-0.3713521957397461,3763,,
-67.66423034667969,62763,0.06877166032791138,62864,0.0003,16,656,126.07,116.94891498000001,2.1345560550689697,0.1858740746974945,3781,,
-63.42707061767578,62899,0.0680425614118576,63000,0.0003,,,,,2.0498721599578857,-0.190532848238945,,322.0,344.7898757524641
-65.04906463623047,63316,0.0668761283159256,63417,0.0003,16,660,127.65,117.75346930000002,2.038494348526001,-0.9084973335266113,3825,,
-66.46279907226562,63899,0.0682755634188652,64000,0.0003,,,,,6.031526565551758,0.12087751924991608,,330.4,445.7190302701089
-59.71007537841797,63999,0.06844313442707062,64100,0.0003,16,664,128.39,118.08118195000002,8.029987335205078,-0.28576865792274475,3873,,
-66.73652648925781,64528,0.06771764159202576,64629,0.0003,16,668,128.73,117.90070070000002,3.4110515117645264,-0.3199337422847748,3893,,
-63.432533264160156,64899,0.06718073040246964,65000,0.0003,,,,,1.6391730308532715,0.019307732582092285,,400.6,333.68982500811364
-65.70077514648438,65103,0.06637932360172272,65204,0.0003,16,672,129.44,118.77066495999999,2.215320110321045,-0.04075746238231659,3942,,
-67.03591918945312,65565,0.06716685742139816,65666,0.0003,16,676,129.63,119.45847949,5.255841255187988,-0.16937798261642456,3960,,
-63.90357208251953,65899,0.06666956841945648,66000,0.0003,,,,,2.43569278717041,0.02345120906829834,,401.0,312.23022724171824
-62.268062591552734,65987,0.06678933650255203,66088,0.0003,16,680,128.55,119.06915223000001,2.600945472717285,0.3346937298774719,4004,,
-66.21170043945312,66636,0.06562310457229614,66737,0.0003,16,684,129.92,120.88740878,4.014171600341797,-0.3570689260959625,4027,,
-65.49515533447266,66899,0.06557724624872208,67000,0.0003,,,,,1.967475175857544,0.2589910626411438,,312.6,329.72871722321906
-65.55650329589844,67239,0.06684108078479767,67340,0.0003,16,688,131.25,122.44183019,2.796052932739258,0.2975354492664337,4072,,
-66.65330505371094,67765,0.06641966104507446,67866,0.0003,16,692,132.34,122.87768960999998,2.8635754585266113,0.1662207990884781,4092,,
-64.32149505615234,67899,0.06717992573976517,68000,0.0003,,,,,2.510565757751465,-0.10251982510089874,,360.8,328.187774107845
-66.69445037841797,68314,0.0670359805226326,68415,0.0003,16,696,132.01,121.58143495,2.7610013484954834,-0.052750468254089355,4138,,
-63.953224182128906,68791,0.06667200475931168,68892,0.0003,16,700,131.63,122.45252289,2.7868123054504395,-0.468533992767334,4156,,
-66.90782165527344,68899,0.06639822572469711,69000,0.0003,,,,,2.2043614387512207,0.7069205641746521,,340.0,373.2417331582892
-67.78358459472656,69427,0.06615502387285233,69528,0.0003,16,704,132.8,123.13070030000003,3.025923728942871,0.8302463293075562,4203,,
-68.1783218383789,69899,0.06659160554409027,70000,0.0003,,,,,7.220363616943359,-0.3447152078151703,,494.8,564.2747929416794
-68.53792572021484,70034,0.06642741709947586,70135,0.0003,16,708,134.17,124.76110818,3.0540223121643066,-0.0832166075706482,4258,,
-65.96635437011719,70549,0.06677430868148804,70650,0.0003,16,712,134.48,124.9754688,1.928001880645752,0.21345461905002594,4277,,
-69.40577697753906,70899,0.06643491238355637,71000,0.0003,,,,,3.951296806335449,0.27186697721481323,,377.4,445.24447418739584
-67.41029357910156,71193,0.06722813844680786,71294,0.0003,16,716,136.1,127.87396627,4.429457664489746,0.24851562082767487,4327,,
-64.5103530883789,71667,0.06797661632299423,71768,0.0003,16,720,135.32,127.54628956,2.2840840816497803,-0.17713463306427002,4345,,
-66.1640853881836,71899,0.06890078634023666,72000,0.0003,,,,,2.708829879760742,-0.24246707558631897,,382.4,475.54579252228905
-69.09170532226562,72284,0.06894358992576599,72385,0.0003,16,724,136.76,129.44008327,2.246598243713379,0.05889207124710083,4394,,
-65.2508773803711,72797,0.06774576008319855,72898,0.0003,16,728,136.76,128.38622217999998,2.819267988204956,-0.21253980696201324,4413,,
-67.20889282226562,72899,0.0673879086971283,73000,0.0003,,,,,2.512744903564453,-0.1942863017320633,,294.4,339.74765529377726
-68.68351745605469,73366,0.06671597063541412,73467,0.0003,16,732,137.9,129.61422455,3.3567590713500977,-0.2158031165599823,4456,,
-67.75061798095703,73893,0.06692589819431305,73994,0.0003,16,736,137.09,129.56359651,4.374814510345459,-0.2800205945968628,4476,,
-66.68572998046875,73899,0.06694338470697403,74000,0.0003,,,,,2.1674559116363525,-0.3710480034351349,,505.4,560.867721661197
-68.05286407470703,74588,0.06950648128986359,74689,0.0003,16,740,139.81,131.80169565999998,3.296060562133789,-0.7949383854866028,4533,,
-67.82262420654297,74899,0.06955897808074951,75000,0.0003,,,,,3.779013156890869,0.6191726922988892,,442.4,640.8088186766101
-66.98112487792969,75284,0.06990034878253937,75385,0.0003,16,744,141.28,132.58898788,2.2590224742889404,0.14107200503349304,4587,,
-68.25595092773438,75896,0.07109571248292923,75997,0.0003,16,748,142.58,134.25935665,2.9127511978149414,-0.742741584777832,4609,,
-68.42591094970703,75899,0.07111970335245132,76000,0.0003,,,,,3.047390937805176,-0.04944648593664169,,307.0,377.9572073082636
-67.25776672363281,76358,0.07077047973871231,76459,0.0003,16,752,140.59,133.12781254,5.173858642578125,-0.48881274461746216,4650,,
-65.55068969726562,76778,0.07140760868787766,76879,0.0003,16,756,140.15,133.33451368000001,2.259566307067871,0.46262413263320923,4667,,
-63.37499237060547,76899,0.07118197530508041,77000,0.0003,,,,,3.453908681869507,0.2191000133752823,,321.8,378.8675583605949
-69.10588073730469,77570,0.07238784432411194,77671,0.0003,16,760,142.54,136.71583679000003,4.763933181762695,0.1401187777519226,4718,,
-68.28500366210938,77899,0.07285773009061813,78000,0.0003,,,,,2.916515827178955,0.06827382743358612,,423.6,506.7651030091794
-70.24147033691406,78096,0.07372124493122101,78197,0.0003,16,764,140.97,136.89332541,4.727277755737305,-0.4510212540626526,4766,,
-70.50144958496094,78571,0.07163578271865845,78672,0.0003,16,768,140.43,137.38279251000003,2.4373323917388916,-0.6066504716873169,4784,,
-70.23741149902344,78899,0.07157565653324127,79000,0.0003,,,,,2.8404481410980225,0.025749027729034424,,354.4,493.72025521815124
-67.77169036865234,79057,0.07134794443845749,79158,0.0003,16,772,139.54,137.19795947,5.9121246337890625,-0.10549415647983551,4828,,
-69.96083068847656,79566,0.0716075524687767,79667,0.0003,16,776,140.01,137.81947120999996,2.5993075370788574,0.6654689908027649,4847,,
-67.7750244140625,79899,0.07127437740564346,80000,0.0003,,,,,3.8952856063842773,-0.12822192907333374,,404.4,458.249150503899
-69.67477416992188,80107,0.0714302659034729,80208,0.0003,16,780,141.2,139.58435027999997,4.349282741546631,-0.16929124295711517,4895,,
-70.144775390625,80746,0.07042758166790009,80847,0.0003,16,784,141.1,141.30254705,2.703423500061035,0.03898462653160095,4918,,
-67.7039794921875,80899,0.07050152122974396,81000,0.0003,,,,,2.494436264038086,-0.0036458969116210938,,419.6,521.0749770508148
-68.30846405029297,81354,0.07125512510538101,81455,0.0003,16,788,141.15,142.94701094,2.6476030349731445,-0.4477821886539459,4968,,
-69.79927062988281,81747,0.07135355472564697,81848,0.0003,16,792,139.82,142.57028027999996,5.326423168182373,-0.1795525699853897,4984,,
-67.36258697509766,81899,0.07169228047132492,82000,0.0003,,,,,4.006734371185303,-0.08931334316730499,,992.6,1369.4648085926092
-70.48434448242188,82304,0.07136262208223343,82405,0.0003,16,796,139.9,143.89624267,2.7999579906463623,-0.10767684876918793,5062,,
-69.23634338378906,82899,0.07272131741046906,83000,0.0003,,,,,4.586970806121826,0.6694943904876709,,555.2,846.3039514616845
-73.71089172363281,83191,0.07267630100250244,83292,0.0003,16,800,144.0,148.86717252000003,2.576357364654541,-0.1341431438922882,5127,,
-70.63766479492188,83826,0.07347972691059113,83927,0.0003,16,804,143.99,151.13413376999998,2.785248279571533,-0.05794273316860199,5150,,
-68.5081558227539,83899,0.07363235950469971,84000,0.0003,,,,,5.002141952514648,-0.5570563077926636,,579.2,855.7204952505548
-68.78131103515625,84488,0.07492518424987793,84589,0.0003,16,808,144.54,153.18150476,9.312652587890625,0.09911738336086273,5209,,
-69.46196746826172,84899,0.07438051700592041,85000,0.0003,,,,,6.193817615509033,0.5165641903877258,,854.6,1259.8586750952102
-71.4561767578125,85337,0.07406901568174362,85438,0.0003,16,812,147.88,159.16862295,4.031010627746582,-0.059520889073610306,5288,,
-74.77609252929688,85814,0.07362881302833557,85915,0.0003,16,816,146.21,157.46587584,10.279436111450195,-0.5959219336509705,5307,,
-72.9779052734375,85899,0.07383381575345993,86000,0.0003,,,,,3.5987205505371094,0.02314653992652893,,1652.2,2982.2116085424927
-69.83442687988281,86428,0.07331560552120209,86529,0.0003,15,820,147.61,160.99172314999998,4.807347774505615,0.21287763118743896,5419,,
-70.17250061035156,86867,0.07533927261829376,86968,0.0003,15,824,145.83,160.64131963999998,5.0883588790893555,-0.26474201679229736,5437,,
-71.14996337890625,86899,0.0753319263458252,87000,0.0003,,,,,3.3189573287963867,-0.037532657384872437,,2276.4,3859.572876921028
-71.31133270263672,87424,0.07631978392601013,87525,0.0003,15,828,146.27,162.87713008,4.676629066467285,0.24032527208328247,5579,,
-74.24531555175781,87837,0.07659853249788284,87938,0.0003,15,832,144.71,162.06231159000004,8.00366497039795,-0.40726813673973083,5595,,
-73.88145446777344,87899,0.07599150389432907,88000,0.0003,,,,,4.4232497215271,0.2941810190677643,,877.2,1207.1668439587502
-75.6207504272461,88571,0.07591742277145386,88672,0.0003,15,836,146.78,166.02519089,6.933943748474121,-0.20571190118789673,5672,,
-72.92008972167969,88899,0.07612061500549316,89000,0.0003,,,,,4.563290596008301,-0.054071053862571716,,782.6,1245.1211209413493
-75.41143798828125,89156,0.07654154300689697,89257,0.0003,15,840,145.68,166.87419512,3.8717830181121826,-0.2835851311683655,5740,,
-78.15141296386719,89589,0.07800887525081635,89690,0.0003,15,844,143.05,166.83413127,3.287804126739502,-0.3311184048652649,5757,,
-76.046630859375,89899,0.07850976288318634,90000,0.0003,,,,,4.384860992431641,0.9933181405067444,,1854.2,3571.889484521518
-76.84294128417969,90045,0.07726586610078812,90146,0.0003,15,848,141.49,166.62655640999998,6.190929412841797,-0.30928996205329895,5875,,
-78.48223876953125,90456,0.07778450846672058,90557,0.0003,15,852,140.98,167.31870654000002,5.898926734924316,-0.44457972049713135,5892,,
-77.42560577392578,90835,0.07796445488929749,90936,0.0003,15,856,140.57,167.57477231000001,14.388124465942383,0.008368395268917084,5907,,
-74.63844299316406,90899,0.07750492542982101,91000,0.0003,,,,,5.19697380065918,0.024824269115924835,,2009.6,3602.0811722841195
-79.03129577636719,91272,0.07626505196094513,91373,0.0003,15,860,137.02,164.58173555000002,4.217746257781982,0.07950255274772644,6032,,
-77.5943832397461,91617,0.07655024528503418,91718,0.0003,15,864,135.21,162.50266698,4.771308898925781,-0.5042157173156738,6047,,
-78.45700073242188,91899,0.07770702242851257,92000,0.0003,,,,,6.08474063873291,0.45134633779525757,,1327.2,2521.378048581257
-77.19808959960938,92109,0.07724882662296295,92210,0.0003,15,868,135.38,164.10928112,4.253226280212402,0.18889255821704865,6139,,
-80.73941802978516,92798,0.07765842974185944,92899,0.0003,15,872,137.41,167.61443228,7.7295684814453125,0.20587068796157837,6164,,
-81.77298736572266,92899,0.07728235423564911,93000,0.0003,,,,,5.9936017990112305,0.059804826974868774,,2406.6,4082.5955072939832
-83.57362365722656,93781,0.07890430092811584,93882,0.0003,14,876,142.15,175.4624328,6.0868330001831055,0.013164132833480835,6325,,
-80.9219970703125,93899,0.07894518971443176,94000,0.0003,,,,,6.984275817871094,-0.19556689262390137,,2733.2,4446.421473591151
-79.92069244384766,94208,0.0787501111626625,94309,0.0003,14,880,141.01,174.86409506,13.891023635864258,0.17338679730892181,6486,,
-80.87020874023438,94845,0.08079254627227783,94946,0.0003,14,884,140.99,174.42740409,6.575771808624268,0.49188798666000366,6509,,
-79.27218627929688,94899,0.08027642220258713,95000,0.0003,,,,,7.583685398101807,0.5621870160102844,,2242.6,3606.6237894757664
-85.9465103149414,95304,0.07924586534500122,95405,0.0003,14,888,139.5,172.08478092,6.828479766845703,-0.5095199346542358,6646,,
-81.65176391601562,95899,0.07813452184200287,96000,0.0003,,,,,10.522167205810547,-0.09558473527431488,,3374.4,4748.626903605762
-85.72491455078125,96218,0.07870163023471832,96319,0.0003,14,892,144.71,178.89864148,4.4657206535339355,-0.8831065893173218,6853,,
-85.05194091796875,96809,0.07867351174354553,96910,0.0003,14,896,145.05,179.75736021,12.770193099975586,-0.058780692517757416,6875,,
-87.23258972167969,96899,0.0787673145532608,97000,0.0003,,,,,4.595632553100586,0.28489330410957336,,3059.0,4764.231296808079
-85.52775573730469,97310,0.08044395595788956,97411,0.0003,13,900,141.19,175.84773864,7.323543548583984,0.14376318454742432,7055,,
-83.19720458984375,97899,0.08034650981426239,98000,0.0003,,,,,6.685291290283203,0.3293941617012024,,2100.6,3475.1698719983315
-86.81861114501953,98038,0.0818127691745758,98139,0.0003,13,904,142.12,176.667614,7.454768180847168,0.32363438606262207,7193,,
-85.91838836669922,98539,0.08182201534509659,98640,0.0003,13,908,140.51,174.94814238000004,5.5366621017456055,-0.48611098527908325,7212,,
-84.06703186035156,98899,0.08264908939599991,99000,0.0003,,,,,9.412849426269531,0.7008486986160278,,1646.6,2735.5770408291837
-86.37733459472656,99130,0.08143313974142075,99231,0.0003,13,912,137.93,171.47675716,6.733925819396973,0.043570756912231445,7323,,
-88.82867431640625,99682,0.08198250830173492,99783,0.0003,13,916,138.68,173.32988979,7.636608600616455,-0.3985968828201294,7344,,
-89.09121704101562,99899,0.0818638727068901,100000,0.0003,,,,,6.380919456481934,0.20584428310394287,,2120.0,3139.2501369369284
-87.98867797851562,100733,0.08243773132562637,100834,0.0003,13,920,143.05,177.95508774,10.00646686553955,-0.11409071087837219,7492,,
-91.48808288574219,100899,0.08211635798215866,101000,0.0003,,,,,10.45914363861084,0.5990629196166992,,2438.4,3114.663356023195
-90.43560791015625,101393,0.0817648395895958,101494,0.0003,13,924,145.26,179.40909771,6.725990295410156,-0.04262164235115051,7645,,
-90.744140625,101899,0.08407960087060928,102000,0.0003,,,,,14.06201171875,0.4414408504962921,,1354.4,2145.76488123249
-90.37469482421875,102041,0.08433498442173004,102142,0.0003,13,928,146.17,180.34976945000003,6.100213050842285,-0.3076907992362976,7743,,
-93.02595520019531,102477,0.08505821973085403,102578,0.0003,13,932,146.4,179.55614893,15.497041702270508,-0.6380148530006409,7760,,
-92.97463989257812,102899,0.08618456870317459,103000,0.0003,,,,,8.439645767211914,0.2098095417022705,,442.6,468.95402641892395
-93.89488220214844,103623,0.08629532903432846,103724,0.0003,13,936,150.52,183.67315735,10.764200210571289,0.5750049948692322,7827,,
-95.82609558105469,103899,0.08770914375782013,104000,0.0003,,,,,8.330883026123047,-0.09141417592763901,,468.6,496.3583524904363
-94.2170639038086,104808,0.08705034106969833,104909,0.0003,13,940,156.52,189.72209131000002,8.820074081420898,0.25163865089416504,7896,,
-94.99496459960938,104899,0.0872490406036377,105000,0.0003,,,,,6.598272323608398,0.006403610110282898,,1586.8,1928.7288276283907
-98.28213500976562,105860,0.08851597458124161,105961,0.0003,13,944,162.71,197.46208890999998,7.6711602210998535,-0.14313244819641113,8018,,
-97.06867218017578,105899,0.0890258327126503,106000,0.0003,,,,,12.99644947052002,0.2225598692893982,,1937.0,2443.0230045253606
-96.28534698486328,106899,0.09025990217924118,107000,0.0003,,,,,19.8084716796875,0.1773039996623993,,614.6,654.1605855214035
-95.02674102783203,107022,0.09161268174648285,107123,0.0003,13,948,169.77,204.72663254,9.96832275390625,0.23935513198375702,8198,,
-98.89949035644531,107812,0.09400378912687302,107913,0.0003,13,952,173.56,208.49663402000002,6.65214729309082,-0.2906224727630615,8225,,
-98.64037322998047,107899,0.09366711229085922,108000,0.0003,,,,,9.870304107666016,-0.03345634788274765,,253.4,259.3693775333319
-98.93089294433594,108542,0.09281009435653687,108643,0.0003,13,956,177.07,211.95194348,8.768820762634277,-0.19373731315135956,8271,,
-100.55181884765625,108899,0.0939561054110527,109000,0.0003,,,,,6.060285568237305,-0.3798750936985016,,452.0,497.7879772828608
-99.02240753173828,109119,0.09412630647420883,109220,0.0003,13,960,178.47,213.11906241999998,9.880448341369629,-0.0887494832277298,8322,,
-100.64518737792969,109899,0.09407542645931244,110000,0.0003,,,,,10.032349586486816,-0.04959115758538246,,294.0,286.88154067879236
-99.6028823852539,110236,0.0941213071346283,110337,0.0003,13,964,186.19,221.14720523999992,9.993236541748047,-0.5969858169555664,8380,,
-104.30369567871094,110829,0.09538844972848892,110930,0.0003,13,968,187.2,221.36456933999997,10.691068649291992,0.004838034510612488,8402,,
-104.92200469970703,110899,0.09610098600387573,111000,0.0003,,,,,5.912817001342773,-0.17784950137138367,,483.2,577.5304783351137
-103.67630004882812,111362,0.09675239771604538,111463,0.0003,13,972,185.64,218.29661144999997,8.892424583435059,0.06900404393672943,8454,,
-107.60714721679688,111899,0.09817953407764435,112000,0.0003,,,,,7.385225296020508,-0.3707316517829895,,1524.4,1987.0067437723337
-104.2170181274414,112899,0.09933329373598099,113000,0.0003,,,,,7.831268310546875,-0.06860651075839996,,337.8,361.56374566430713
-104.07665252685547,113124,0.09711480140686035,113225,0.0003,13,976,193.43,224.81512257999995,15.401712417602539,0.1789754033088684,8616,,
-110.54754638671875,113858,0.09689293801784515,113959,0.0003,13,980,196.5,228.41148299999998,8.214290618896484,-0.34274476766586304,8642,,
-106.74652099609375,113899,0.09666390717029572,114000,0.0003,,,,,17.30628776550293,-0.29639649391174316,,838.2,1010.5472611793018
-109.5947265625,114747,0.09676188230514526,114848,0.0003,13,984,199.02,230.05750055999997,10.716009140014648,0.09576181322336197,8721,,
-105.63388061523438,114899,0.09823306649923325,115000,0.0003,,,,,8.940625190734863,0.47470057010650635,,495.0,632.551996374187
-108.16632080078125,115807,0.09556815028190613,115908,0.0003,13,988,205.03,237.38592939999998,8.414566993713379,-0.07949744164943695,8788,,
-107.25454711914062,115899,0.09582307189702988,116000,0.0003,,,,,14.852287292480469,-0.06510932743549347,,465.2,567.1607847043011
-107.99899291992188,116847,0.09895379096269608,116948,0.0003,13,992,206.29,237.67984552000004,8.805652618408203,-0.2974599599838257,8853,,
-108.48758697509766,116899,0.0989442691206932,117000,0.0003,,,,,9.035789489746094,0.297733873128891,,456.0,510.24157987714136
-115.30477905273438,117696,0.09948605298995972,117797,0.0003,13,996,208.87,240.47754779,8.8043851852417,-0.4144136905670166,8912,,
-110.99877166748047,117899,0.09896767139434814,118000,0.0003,,,,,9.455360412597656,-0.11832092702388763,,350.0,383.25909743808916
-108.49894714355469,118146,0.09994589537382126,118247,0.0003,13,1000,208.36,239.40221267,10.168975830078125,-0.35101503133773804,8954,,
-112.75031280517578,118747,0.10065113008022308,118848,0.0003,13,1004,207.09,238.05238567999996,8.496313095092773,0.2552914321422577,8976,,
-105.12378692626953,118899,0.1021755263209343,119000,0.0003,,,,,8.615608215332031,-0.03711947053670883,,471.4,509.27080983063314
-111.08110809326172,119504,0.10185947269201279,119605,0.0003,13,1008,209.65,241.17681578000003,7.763548851013184,-0.34369131922721863,9033,,
-111.35175323486328,119899,0.10169804096221924,120000,0.0003,,,,,32.387420654296875,0.15495824813842773,,632.2,844.8102127974896
-109.1439437866211,120552,0.10190917551517487,120653,0.0003,13,1012,214.22,246.03161708999997,13.762065887451172,-0.14517007768154144,9107,,
-110.4486083984375,120899,0.10187321901321411,121000,0.0003,,,,,10.883129119873047,-0.11402781307697296,,648.0,828.140825454631
-114.88993835449219,121288,0.10185056179761887,121389,0.0003,13,1016,216.06,247.67990154999998,6.944821834564209,-0.6013053059577942,9172,,
-112.78950500488281,121899,0.10361707955598831,122000,0.0003,,,,,28.36556625366211,-0.01048809289932251,,576.0,663.4674636513294
-114.82820129394531,122804,0.10222367197275162,122905,0.0003,13,1020,220.71,251.36626887999998,11.253180503845215,-0.6784765720367432,9256,,
-112.74368286132812,122899,0.10235083103179932,123000,0.0003,,,,,10.746538162231445,-0.06283232569694519,,311.0,324.9053874417881
-113.65858459472656,123414,0.10249737650156021,123515,0.0003,13,1024,220.21,251.48054736000003,16.13247299194336,-0.7342589497566223,9301,,
-114.38418579101562,123899,0.10106121003627777,124000,0.0003,,,,,9.343666076660156,-0.2587229907512665,,645.0,740.7008535881956
-110.08351135253906,124264,0.10097727924585342,124365,0.0003,13,1028,222.23,253.55276581,12.649504661560059,-0.09553670883178711,9369,,
-109.00422668457031,124810,0.10112021863460541,124911,0.0003,13,1032,223.33,255.67945449,18.533550262451172,0.2474450170993805,9390,,
-112.7806625366211,124899,0.10079523921012878,125000,0.0003,,,,,10.53715705871582,-0.20617613196372986,,588.4,711.8280485327138
-113.24314880371094,125529,0.10273422300815582,125630,0.0003,13,1036,219.06,250.28342182,11.097386360168457,0.2686699628829956,9451,,
-116.38436889648438,125899,0.1042306125164032,126000,0.0003,,,,,12.685487747192383,0.2197638750076294,,332.2,402.03457220469284
-115.4365234375,126240,0.10402482748031616,126341,0.0003,13,1040,214.32,244.70707293999996,9.206130981445312,-0.04518790543079376,9500,,
-114.96122741699219,126858,0.10180176049470901,126959,0.0003,13,1044,209.98,238.79345582000002,11.501643180847168,-0.12679380178451538,9523,,
-112.56742095947266,126899,0.1018056720495224,127000,0.0003,,,,,13.661138534545898,-0.2880443334579468,,583.0,704.7889002098105
-113.94744110107422,127473,0.10063996911048889,127574,0.0003,13,1048,204.51,232.71838545,17.427186965942383,0.4595230221748352,9582,,
-115.90562438964844,127899,0.10142700374126434,128000,0.0003,,,,,16.249549865722656,-0.062425270676612854,,661.0,778.5003839607128
-114.83861541748047,128552,0.10178140550851822,128653,0.0003,13,1052,207.4,236.62407782999998,9.77265739440918,0.07648499310016632,9657,,
-115.8270263671875,128899,0.10235785692930222,129000,0.0003,,,,,11.087018966674805,0.29245248436927795,,637.0,812.583282871747
-113.44889068603516,128951,0.10280267894268036,129052,0.0003,13,1056,204.09,233.22463735000002,13.928729057312012,0.16472050547599792,9713,,
-117.8778305053711,129551,0.10044609755277634,129652,0.0003,13,1060,204.32,234.32293645,62.26583480834961,0.3160552680492401,9735,,
-115.39515686035156,129899,0.09790833294391632,130000,0.0003,,,,,18.491466522216797,0.39674752950668335,,360.4,415.0699008749754
-112.80780029296875,130251,0.09528163075447083,130352,0.0003,13,1064,200.15,230.45198594000001,17.575292587280273,0.6571676135063171,9785,,
-118.84101104736328,130899,0.09768527001142502,131000,0.0003,,,,,31.01418685913086,-0.5472670793533325,,369.2,427.333550892978
-113.5390625,131118,0.09906793385744095,131219,0.0003,13,1068,202.89,234.09931113999994,13.520853042602539,0.18773679435253143,9840,,
-113.66597747802734,131474,0.1014694795012474,131575,0.0003,13,1072,201.12,233.20533741,8.574941635131836,-0.5140018463134766,9855,,
-114.72502899169922,131899,0.09937416017055511,132000,0.0003,,,,,21.03485870361328,-0.25210198760032654,,1078.4,1479.8555084038787
-116.056640625,132264,0.09801327437162399,132365,0.0003,13,1076,191.4,224.16437608999996,14.09376335144043,0.07418353855609894,9943,,
-113.68885040283203,132550,0.09706243872642517,132651,0.0003,13,1080,186.92,218.96510667,12.425422668457031,0.47113850712776184,9956,,
-114.54924011230469,132899,0.0978643149137497,133000,0.0003,,,,,18.462156295776367,-0.46621280908584595,,288.4,302.6577841313603
-114.33596801757812,133394,0.09727803617715836,133495,0.0003,13,1084,186.47,220.29273142,11.215095520019531,0.19362005591392517,10007,,
-115.67362213134766,133766,0.09853211045265198,133867,0.0003,13,1088,179.59,212.25179783,6.308247089385986,0.1127815693616867,10022,,
-116.20306396484375,133899,0.09969307482242584,134000,0.0003,,,,,8.161772727966309,-0.5084670782089233,,661.0,973.950576967304
-113.3216552734375,134283,0.09504822641611099,134384,0.0003,13,1092,174.36,206.34435518,13.851539611816406,-0.13517270982265472,10082,,
-113.15789031982422,134869,0.0960327535867691,134970,0.0003,13,1096,171.73,204.23674531999998,16.44760513305664,-0.03655005991458893,10103,,
-111.64567565917969,134899,0.09581059217453003,135000,0.0003,,,,,33.47191619873047,0.20108634233474731,,370.4,449.7029570449893
-114.85617065429688,135171,0.09767215698957443,135272,0.0003,13,1100,170.25,203.06838650999995,14.5494384765625,-0.11816779524087906,10143,,
-115.87335968017578,135899,0.09504416584968567,136000,0.0003,,,,,18.090564727783203,-0.03319273516535759,,608.8,827.4178657517634
-115.59230041503906,136222,0.09317418932914734,136323,0.0003,13,1104,174.75,209.53374034,16.525779724121094,-0.47730565071105957,10215,,
-117.72893524169922,136899,0.09297344833612442,137000,0.0003,,,,,10.692584037780762,-0.20929266512393951,,379.2,429.94382283378434
-115.9050064086914,137899,0.0899508073925972,138000,0.0003,,,,,11.484626770019531,-0.8951296210289001,,314.0,325.7166483864752
-115.52632904052734,138327,0.08999928832054138,138428,0.0003,13,1108,188.23,227.30464967,14.675580978393555,0.2370009422302246,10329,,
-114.37034606933594,138899,0.09014041721820831,139000,0.0003,,,,,8.433918952941895,-0.3996623158454895,,303.8,356.4115514371708
-116.77276611328125,139360,0.0904807448387146,139461,0.0003,13,1112,188.08,228.92551501000003,25.86548614501953,-0.1973322331905365,10386,,
-116.34913635253906,139899,0.09102901816368103,140000,0.0003,,,,,11.70675277709961,-0.22982290387153625,,3774.4,5698.206638707582
-115.13843536376953,140234,0.08922238647937775,140335,0.0003,13,1116,189.46,231.11144786,21.18386459350586,0.47942811250686646,10612,,
-115.10372924804688,140717,0.08895948529243469,140818,0.0003,13,1120,179.13,221.11948492,15.047484397888184,-0.28219377994537354,10631,,
-115.87301635742188,140899,0.08818480372428894,141000,0.0003,,,,,11.092299461364746,0.30089765787124634,,1379.6,1965.925650250017
-114.10589599609375,141176,0.08850111812353134,141277,0.0003,13,1124,177.62,218.90484482,8.570802688598633,-0.7106469869613647,10725,,
-118.65017700195312,141727,0.08540979772806168,141828,0.0003,13,1128,174.63,215.42156569,10.23484992980957,0.049064233899116516,10745,,
-116.08224487304688,141899,0.08565788716077805,142000,0.0003,,,,,13.348949432373047,0.2807319760322571,,9810.8,16327.873276866818
-117.07380676269531,142297,0.08699896931648254,142398,0.0003,12,1132,174.87,215.89573748000007,8.530078887939453,-0.13492299616336823,11265,,
-116.77806091308594,142835,0.08658412098884583,142936,0.0003,12,1136,173.06,214.69532235,9.284278869628906,0.019904375076293945,11286,,
-117.06617736816406,142899,0.08619654923677444,143000,0.0003,,,,,59.15269088745117,-0.5848379135131836,,705.2,917.1008394702105
-118.97586822509766,143899,0.0880473256111145,144000,0.0003,,,,,12.011818885803223,-0.9989789128303528,,575.6,720.5342288668741
-115.55569458007812,144409,0.08404093980789185,144510,0.0003,12,1140,181.69,225.56842267,20.879486083984375,0.7920123338699341,11414,,
-114.28142547607422,144834,0.08458227664232254,144935,0.0003,12,1144,179.76,223.26257112,31.964176177978516,0.7342952489852905,11431,,
-112.76131439208984,144899,0.08454014360904694,145000,0.0003,,,,,13.914783477783203,0.025679200887680054,,370.4,412.89020187138084
-116.28858184814453,145480,0.08598515391349792,145581,0.0003,12,1148,180.07,224.12066080999998,9.935522079467773,-0.011607348918914795,11480,,
-115.8738021850586,145899,0.08733338862657547,146000,0.0003,,,,,21.35879135131836,0.06640371680259705,,1245.8,1572.4568114347687
-116.71385192871094,146174,0.08650024980306625,146275,0.0003,12,1152,176.22,219.15270393,10.58027458190918,0.04286101460456848,11574,,
-115.31063842773438,146775,0.08745607733726501,146876,0.0003,12,1156,178.24,220.34372917999997,13.276996612548828,-0.11131240427494049,11596,,
-115.56103515625,146899,0.086617611348629,147000,0.0003,,,,,8.541311264038086,-0.20289692282676697,,341.4,388.24376343448205
-114.57032012939453,147636,0.08483365178108215,147737,0.0003,12,1160,180.85,223.75864305000002,9.630531311035156,-0.027135208249092102,11649,,
-114.85752868652344,147899,0.08512642234563828,148000,0.0003,,,,,12.14596939086914,0.8096435070037842,,877.2,1139.458800378384
-114.25122833251953,148428,0.08331457525491714,148529,0.0003,12,1164,181.77,224.62729419,18.865610122680664,0.27983200550079346,11728,,
-113.68519592285156,148864,0.08519888669252396,148965,0.0003,12,1168,177.46,219.85118159999993,33.015968322753906,-0.11856298893690109,11745,,
-114.32968139648438,148899,0.0851091518998146,149000,0.0003,,,,,16.326358795166016,-0.19637271761894226,,510.2,602.924436509846
-114.09812927246094,149803,0.0812452957034111,149904,0.0003,12,1172,183.29,226.84990385,11.029277801513672,0.5304238200187683,11809,,
-117.44989013671875,149899,0.08207513391971588,150000,0.0003,,,,,12.150530815124512,-0.4099322557449341,,533.0,637.9524998067075
-117.60079193115234,150265,0.08254974335432053,150366,0.0003,12,1176,180.01,222.37933503,17.105810165405273,-0.7734178900718689,11861,,
-116.83013916015625,150899,0.08151804655790329,151000,0.0003,,,,,13.7442626953125,-0.057798221707344055,,537.4,607.22656530165
-110.89967346191406,150970,0.08189594745635986,151071,0.0003,12,1180,184.2,227.18506790000004,17.629554748535156,0.7234116792678833,11920,,
-113.04840087890625,151708,0.08046956360340118,151809,0.0003,12,1184,183.14,226.50138266000002,18.10785484313965,0.18115977942943573,11946,,
-114.64280700683594,151899,0.080623097717762,152000,0.0003,,,,,12.087549209594727,0.4951782822608948,,300.6,334.0388390444583
-112.50511932373047,152412,0.08170279860496521,152513,0.0003,12,1188,186.46,230.97436906,12.135307312011719,-0.5095391273498535,11993,,
-112.57172393798828,152867,0.08237173408269882,152968,0.0003,12,1192,185.84,230.09692214999998,17.022438049316406,0.719591498374939,12011,,
-112.69927215576172,152899,0.08283498138189316,153000,0.0003,,,,,19.170753479003906,0.556532084941864,,446.6,472.2233052753636
-111.2011489868164,153899,0.08074569702148438,154000,0.0003,,,,,12.551057815551758,0.13692612946033478,,778.0,1003.4854163175354
-113.33717346191406,154099,0.08118057250976562,154200,0.0003,12,1196,192.3,238.25993019999999,14.996819496154785,-0.12998834252357483,12126,,
-118.61904907226562,154899,0.08075495064258575,155000,0.0003,,,,,10.187213897705078,-0.4671839475631714,,1545.0,2255.6197505111936
-116.81422424316406,155021,0.07930906116962433,155122,0.0003,12,1200,198.5,244.89535714000002,7.364474296569824,-0.08908633887767792,12242,,
-110.54130554199219,155651,0.0780506432056427,155752,0.0003,12,1204,194.29,239.24043340999998,15.831931114196777,0.9596565961837769,12265,,
-113.27811431884766,155899,0.07853421568870544,156000,0.0003,,,,,10.094926834106445,0.42561525106430054,,639.8,769.6856802768121
-115.91703796386719,156638,0.07843967527151108,156739,0.0003,12,1208,183.11,225.07829450999998,16.15997314453125,-0.753491997718811,12337,,
-113.44904327392578,156899,0.07688124477863312,157000,0.0003,,,,,46.36289596557617,0.32527828216552734,,510.6,582.9428534907169
-111.94050598144531,157495,0.07711111009120941,157596,0.0003,12,1212,181.35,221.64407359,25.202289581298828,0.3073081970214844,12399,,
-116.72096252441406,157899,0.07527891546487808,158000,0.0003,,,,,7.983185768127441,-0.4731709361076355,,565.8,625.4131419843637
-111.56962585449219,158307,0.07767827808856964,158408,0.0003,12,1216,180.73,220.16585401,10.588241577148438,-0.2019248902797699,12462,,
-113.16078186035156,158623,0.0771159827709198,158724,0.0003,12,1220,179.06,217.64397662,9.319356918334961,-0.4303589165210724,12476,,
-111.69618225097656,158899,0.07681272178888321,159000,0.0003,,,,,14.342813491821289,0.2070583701133728,,12518.4,20242.42998447397
-111.46879577636719,159867,0.07752490043640137,159968,0.0003,12,1224,186.91,228.28899015,15.045501708984375,0.7536236047744751,13151,,
-108.7387924194336,159899,0.0776219442486763,160000,0.0003,,,,,30.63018798828125,0.1244836151599884,,665.8,725.1153951619508
-114.90939331054688,160333,0.07663186639547348,160434,0.0003,12,1228,186.06,227.95458227999995,11.903575897216797,-0.2571830749511719,13210,,
-112.69927978515625,160899,0.07750209420919418,161000,0.0003,,,,,11.411794662475586,-0.5473571419715881,,636.0,720.5975441678332
-113.82118225097656,161566,0.07457496970891953,161667,0.0003,12,1232,192.69,236.47561858000006,21.887807846069336,0.20711007714271545,13289,,
-114.2281494140625,161899,0.07589621841907501,162000,0.0003,,,,,9.936323165893555,0.03136610984802246,,2099.2,2838.2158498060476
-111.065673828125,161943,0.07601620256900787,162044,0.0003,12,1236,191.08,234.5917679,15.35384750366211,1.0829010009765625,13417,,
-115.42529296875,162899,0.07324517518281937,163000,0.0003,,,,,16.064598083496094,0.04385983943939209,,1014.0,1366.6006608877283
-113.44314575195312,163022,0.07305586338043213,163123,0.0003,12,1240,186.13,230.38677224,11.84615707397461,0.14345231652259827,13510,,
-110.63494873046875,163899,0.0692804753780365,164000,0.0003,,,,,20.811601638793945,0.6687436699867249,,394.2,427.90347446825507
-112.21166229248047,164162,0.06955777108669281,164263,0.0003,12,1244,193.28,239.40118127999997,9.691347122192383,0.20160073041915894,13574,,
-111.51835632324219,164899,0.07000642269849777,165000,0.0003,,,,,24.130327224731445,0.07372783124446869,,953.2,1111.6186478240409
-111.77731323242188,165065,0.06950511783361435,165166,0.0003,12,1248,195.85,242.90117192000002,18.300769805908203,-0.7545104026794434,13660,,
-113.2438735961914,165552,0.07179125398397446,165653,0.0003,12,1252,193.78,241.09417816000004,10.093755722045898,0.2296513319015503,13678,,
-113.96919250488281,165899,0.07176099717617035,166000,0.0003,,,,,12.859332084655762,-0.17159944772720337,,586.0,703.4021239109109
-110.99382019042969,166099,0.0713491141796112,166200,0.0003,12,1256,193.24,241.34530929999997,34.546417236328125,-0.0023787319660186768,13736,,
-108.86347198486328,166866,0.06891882419586182,166967,0.0003,12,1260,192.3,240.19162938000002,13.372369766235352,0.9149060249328613,13762,,
-113.33671569824219,166899,0.06910793483257294,167000,0.0003,,,,,9.867632865905762,0.4378410875797272,,994.2,1324.8592433917136
-113.9255599975586,167470,0.06876016408205032,167571,0.0003,12,1264,190.42,238.80276626,10.285572052001953,0.19665518403053284,13841,,
-114.01994323730469,167831,0.06982500106096268,167932,0.0003,12,1268,189.67,238.21605843000006,11.33433723449707,-0.32141032814979553,13856,,
-112.79885864257812,167899,0.06947734951972961,168000,0.0003,,,,,13.177501678466797,0.9693466424942017,,979.0,1102.784605422025
-110.81261444091797,168418,0.06743618845939636,168519,0.0003,12,1272,186.15,234.34440987999994,10.023506164550781,0.8542195558547974,13934,,
-108.27747344970703,168899,0.06833260506391525,169000,0.0003,,,,,22.916976928710938,-0.19487710297107697,,541.6,561.2967761326133
-112.39906311035156,169014,0.06729724258184433,169115,0.0003,12,1276,187.49,235.87359934999998,17.690143585205078,-0.4458991289138794,13990,,
-109.63030242919922,169899,0.0674361065030098,170000,0.0003,,,,,10.246851921081543,0.27329379320144653,,1113.4,1434.0325606263766
-108.60466003417969,170004,0.06711462140083313,170105,0.0003,12,1280,190.34,240.77168632999994,30.70893669128418,0.4465106725692749,14086,,
-111.52723693847656,170270,0.06620749086141586,170371,0.0003,12,1284,185.62,234.35824455,16.788053512573242,-0.09550829231739044,14099,,
-112.8970718383789,170899,0.06499799340963364,171000,0.0003,,,,,11.03632926940918,0.23510265350341797,,734.2,893.2722322411973
-112.79641723632812,170963,0.06531379371881485,171064,0.0003,12,1288,185.51,234.44701292999997,16.827680587768555,0.5272846221923828,14167,,
-108.79298400878906,171899,0.06506416201591492,172000,0.0003,,,,,7.447347640991211,0.8500044345855713,,784.6,965.6279609280991
-110.92979431152344,172154,0.0645538717508316,172255,0.0003,12,1292,192.87,244.04317897999996,12.5049467086792,-0.5687651038169861,14252,,
-111.4592514038086,172899,0.06401145458221436,173000,0.0003,,,,,7.105996608734131,0.30188727378845215,,1017.2,1491.6617531437635
-109.61004638671875,173601,0.06217487156391144,173702,0.0003,12,1296,195.02,246.59786598,24.946409225463867,0.04742854833602905,14356,,
-108.14096069335938,173899,0.06032881140708923,174000,0.0003,,,,,12.782913208007812,-0.19041532278060913,,439.8,480.8990548311878
-106.7868881225586,174239,0.06116783246397972,174340,0.0003,12,1300,192.18,243.95676638,10.99289321899414,-0.4352906346321106,14408,,
-108.6477279663086,174899,0.06208750233054161,175000,0.0003,,,,,14.797470092773438,0.010571062564849854,,590.6,644.7280925611354
-109.49201202392578,175256,0.06114623323082924,175357,0.0003,12,1304,196.05,248.80634705,12.392740249633789,-0.12914139032363892,14479,,
-110.1227798461914,175899,0.06251631677150726,176000,0.0003,,,,,18.042699813842773,0.2594480514526367,,859.6,1073.8877333600708
-110.73672485351562,176217,0.06379664689302444,176318,0.0003,12,1308,195.79,247.25041689000003,12.840974807739258,0.09641454368829727,14561,,
-108.95497131347656,176649,0.06392201036214828,176750,0.0003,12,1312,191.54,241.85331827,12.232429504394531,-0.2175694704055786,14578,,
-111.84782409667969,176899,0.06453071534633636,177000,0.0003,,,,,48.370262145996094,-0.38729119300842285,,603.4,682.7363570238151
-108.52391052246094,177899,0.062222693115472794,178000,0.0003,,,,,14.976216316223145,0.08431294560432434,,485.6,530.1630935215865
-109.1497802734375,177979,0.06181667000055313,178080,0.0003,12,1316,196.72,249.61433412999997,14.691547393798828,-0.4547598361968994,14690,,
-111.40505981445312,178882,0.0604572519659996,178983,0.0003,12,1320,202.59,257.62990859000007,13.680987358093262,0.49241381883621216,14721,,
-109.16505432128906,178899,0.06057560071349144,179000,0.0003,,,,,46.98591613769531,-0.4953742027282715,,2496.8,3632.0078543568684
-105.24976348876953,179534,0.05991428345441818,179635,0.0003,12,1324,196.67,250.86562092000003,11.483232498168945,0.49323099851608276,14876,,
-107.11451721191406,179899,0.0587645024061203,180000,0.0003,,,,,17.509424209594727,-0.14359521865844727,,527.2,557.2402745499155
-106.93144226074219,179982,0.05922648683190346,180083,0.0003,12,1328,196.49,249.92837643000001,11.366499900817871,0.5329633951187134,14928,,
-106.76766204833984,180569,0.05990205705165863,180670,0.0003,12,1332,190.03,242.80329966999997,17.666492462158203,0.5726621150970459,14949,,
-110.98358154296875,180899,0.059296395629644394,181000,0.0003,,,,,25.0997314453125,0.06923477351665497,,954.0,1285.6163120704718
-107.14618682861328,180989,0.05922607704997063,181090,0.0003,12,1336,190.46,243.1807999,13.151191711425781,1.4739575386047363,15021,,
-108.44573974609375,181649,0.05918993428349495,181750,0.0003,12,1340,186.27,236.79611394,18.192611694335938,-0.0030832141637802124,15045,,
-108.31880187988281,181899,0.058966659009456635,182000,0.0003,,,,,43.5732307434082,0.1492803990840912,,1008.4,1255.1122980171035
-108.85380554199219,182104,0.058266282081604004,182205,0.0003,12,1344,179.42,228.95021662,43.04553985595703,0.43726298213005066,15120,,
-104.28346252441406,182856,0.057168155908584595,182957,0.0003,12,1348,177.91,227.62339285999994,11.393754959106445,0.548704206943512,15146,,
-108.89671325683594,182899,0.05736444890499115,183000,0.0003,,,,,20.497699737548828,0.3810023367404938,,832.4,958.8157336210112
-108.4986572265625,183899,0.05343422293663025,184000,0.0003,,,,,11.525716781616211,0.3939245045185089,,2442.6,3683.9073154250996
-107.2171630859375,184238,0.055659908801317215,184339,0.0003,11,1352,186.86,241.03733133999998,9.155969619750977,0.6360868215560913,15369,,
-104.93093872070312,184669,0.058228202164173126,184770,0.0003,12,1356,185.7,240.95483499,38.818687438964844,0.46006375551223755,15386,,
-107.7529296875,184899,0.0580681748688221,185000,0.0003,,,,,7.611204147338867,-0.8416533470153809,,2837.0,4187.809927138605
-107.49118041992188,185603,0.05612948164343834,185704,0.0003,11,1360,187.37,243.50838665999999,13.981740951538086,0.3071787357330322,15567,,
-108.65875244140625,185899,0.057066623121500015,186000,0.0003,,,,,9.702653884887695,0.7795088291168213,,5160.8,8583.119795399565
-108.02865600585938,185960,0.05731027573347092,186061,0.0003,11,1364,184.9,240.70793093999998,24.78146743774414,-1.4678741693496704,15848,,
-105.71119689941406,186686,0.05615036562085152,186787,0.0003,11,1368,188.55,246.32783739,8.751570701599121,-0.24118581414222717,15873,,
-106.91072845458984,186899,0.05584913119673729,187000,0.0003,,,,,22.61035919189453,-0.5590861439704895,,1919.0,2744.382516792505
-105.6715316772461,187113,0.055160608142614365,187214,0.0003,11,1372,186.95,244.23417118000006,16.637657165527344,-0.6296197175979614,15993,,
-104.70660400390625,187726,0.05494120344519615,187827,0.0003,11,1376,187.12,245.34922262000003,12.153312683105469,0.45782750844955444,16016,,
-106.978759765625,187899,0.05556415393948555,188000,0.0003,,,,,15.226431846618652,-0.48388242721557617,,26015.6,42869.45417590543
-103.88557434082031,188471,0.054479025304317474,188572,0.0003,10,1380,184.67,242.34369998,16.566997528076172,0.1812138855457306,17353,,
-109.81241607666016,188899,0.05302789807319641,189000,0.0003,,,,,7.867621421813965,-0.6047022342681885,,2556.2,3854.0079238905405
-103.34314727783203,189232,0.05324040725827217,189333,0.0003,10,1384,189.62,249.79817102999996,13.082143783569336,1.047616720199585,17515,,
-108.21199798583984,189899,0.055926453322172165,190000,0.0003,,,,,9.20258617401123,0.12521910667419434,,6118.0,10374.83340843302
-103.60679626464844,190098,0.055639952421188354,190199,0.0003,10,1388,191.35,253.53650226000002,18.37122344970703,-0.1471644639968872,17858,,
-107.23258972167969,190899,0.05206017941236496,191000,0.0003,,,,,8.655990600585938,0.0924525111913681,,900.8,1064.9800340990719
-103.73719787597656,190943,0.05163343623280525,191044,0.0003,10,1392,187.89,250.36974021000006,20.822223663330078,-0.2864038348197937,17939,,
-105.88119506835938,191899,0.05370715260505676,192000,0.0003,,,,,32.024749755859375,0.6314460039138794,,10316.0,20011.443942241815
-102.82147216796875,192316,0.05196697264909744,192417,0.0003,10,1396,187.15,250.70135001999998,18.328950881958008,-0.07706144452095032,18507,,
-101.36044311523438,192711,0.05197810009121895,192812,0.0003,10,1400,184.72,248.15742773999997,33.58690643310547,0.28828251361846924,18523,,
-100.91734313964844,192899,0.05227196216583252,193000,0.0003,,,,,23.740520477294922,-0.47123661637306213,,3760.6,5448.994307039504
-105.0191650390625,193166,0.05275651067495346,193267,0.0003,10,1404,179.1,241.16883220999998,17.6844539642334,0.9562937021255493,18737,,
-103.12728881835938,193448,0.053085342049598694,193549,0.0003,10,1408,172.31,233.38750214,13.74226188659668,0.08247525244951248,18750,,
-105.50415802001953,193899,0.052161648869514465,194000,0.0003,,,,,36.973731994628906,-1.4492251873016357,,3735.6,5570.29515857373
-103.07527160644531,194426,0.04986171796917915,194527,0.0003,10,1412,177.77,241.30344343000004,9.747964859008789,-0.6396278738975525,18977,,
-103.07969665527344,194899,0.05176784470677376,195000,0.0003,,,,,11.801814079284668,0.2333846390247345,,31047.6,57398.00630916542
-104.26441955566406,195202,0.05167163535952568,195303,0.0003,9,1416,172.23,234.03348975000006,10.7864351272583,0.4559659957885742,20568,,
-102.38978576660156,195669,0.04963594302535057,195770,0.0003,9,1420,167.87,228.63114546999998,18.603479385375977,0.357566773891449,20586,,
-104.83060455322266,195899,0.049223072826862335,196000,0.0003,,,,,9.916886329650879,0.6824183464050293,,4045.8,6073.065317361083
-106.18873596191406,196712,0.05007238686084747,196813,0.0003,9,1424,171.78,234.02465356000002,60.659645080566406,-0.5431922674179077,20830,,
-104.31950378417969,196899,0.05032562464475632,197000,0.0003,,,,,18.38257598876953,0.003553539514541626,,48426.0,90366.61177028687
-104.69831085205078,197280,0.05139264464378357,197381,0.0003,8,1428,172.98,236.86022806999998,8.187572479248047,-0.013171389698982239,23285,,
-103.35890197753906,197838,0.05084766075015068,197939,0.0003,8,1432,172.69,236.35321617999998,16.069421768188477,0.248003751039505,23306,,
-104.01634216308594,197899,0.05051959678530693,198000,0.0003,,,,,17.52134895324707,0.38490474224090576,,30720.6,57794.54447916873
-101.47126770019531,198185,0.052176583558321,198286,0.0003,7,1436,171.96,235.44499251000002,8.74397087097168,-0.360654354095459,24868,,
-103.1754150390625,198899,0.04897316172719002,199000,0.0003,,,,,8.048381805419922,-1.2608790397644043,,3253.4,5032.621796217552
-102.44392395019531,198978,0.04843318462371826,199079,0.0003,7,1440,173.29,237.79916061999995,17.488239288330078,-0.4368087649345398,25066,,
-105.91490173339844,199650,0.04815549775958061,199751,0.0003,7,1444,175.46,240.88685908999997,11.649969100952148,-1.2891935110092163,25090,,
-103.653076171875,199899,0.045773763209581375,200000,0.0003,,,,,33.558502197265625,-0.1639384925365448,,1160.6,1556.3463337427936
-101.01273345947266,200110,0.04641542583703995,200211,0.0003,7,1448,172.54,236.28513773000003,11.065058708190918,0.5022352337837219,25173,,
-102.45677947998047,200407,0.047530051320791245,200508,0.0003,7,1452,161.69,220.82204179000001,7.31407356262207,-0.5310683846473694,25187,,
-102.96461486816406,200899,0.04902235418558121,201000,0.0003,,,,,19.218109130859375,-0.6108914613723755,,3552.6,5207.305026677826
-98.86283874511719,201057,0.04943396896123886,201158,0.0003,7,1456,163.88,223.18108161,18.009593963623047,0.10259975492954254,25395,,
-97.60258483886719,201841,0.049147460609674454,201942,0.0003,7,1460,162.38,221.14898802,53.30793762207031,-0.31213828921318054,25422,,
-101.41804504394531,201899,0.04932851344347,202000,0.0003,,,,,14.144576072692871,0.1735488921403885,,14237.2,24903.849567582707
-103.21830749511719,202199,0.0490308552980423,202300,0.0003,7,1464,162.39,220.75932524,11.7916259765625,-0.7095983028411865,26158,,
-100.81788635253906,202510,0.0477907769382,202611,0.0003,7,1468,158.24,213.91035977999996,11.151829719543457,0.9183554649353027,26172,,
-101.12117004394531,202899,0.04776507988572121,203000,0.0003,,,,,11.034991264343262,-1.0090101957321167,,41154.8,77983.82230132059
-96.35626220703125,203445,0.04591118171811104,203546,0.0003,7,1472,163.32,220.54570079000004,12.480613708496094,0.019609227776527405,28274,,
-100.33793640136719,203899,0.04734674468636513,204000,0.0003,,,,,8.48617172241211,0.14649520814418793,,906.4,1076.306203668113
-101.20304870605469,204300,0.047475043684244156,204401,0.0003,7,1476,165.74,223.52062308,30.91112518310547,0.7323238849639893,28355,,
-100.94710540771484,204838,0.04775899648666382,204939,0.0003,7,1480,163.67,220.28636458999998,9.56135082244873,-0.4586729407310486,28376,,
-100.27143859863281,204899,0.047129448503255844,205000,0.0003,,,,,31.076385498046875,-0.657299280166626,,557.4,584.3847390852382
-100.81160736083984,205831,0.04854421690106392,205932,0.0003,7,1484,165.99,221.36057972000003,10.107321739196777,0.8006308674812317,28444,,
-103.25579833984375,205899,0.048996519297361374,206000,0.0003,,,,,20.96450424194336,0.4208006262779236,,4223.6,7093.380278723498
-99.10771179199219,206245,0.04851749911904335,206346,0.0003,7,1488,161.47,214.33338260999997,38.72258377075195,-0.11041556298732758,28679,,
-101.42090606689453,206899,0.04866161569952965,207000,0.0003,,,,,7.492013931274414,-0.871570885181427,,567.6,608.7308791512402
-99.33297729492188,207562,0.04729059711098671,207663,0.0003,7,1492,166.19,220.63326724,32.99662780761719,0.6051368713378906,28757,,
-98.90544891357422,207851,0.04632033035159111,207952,0.0003,7,1496,155.35,205.92049058999999,26.840293884277344,-0.03839707374572754,28770,,
-100.80677795410156,207899,0.04614129662513733,208000,0.0003,,,,,11.790746688842773,-0.22114573419094086,,102658.6,176546.77553417897
-99.03062438964844,208899,0.04601103439927101,209000,0.0003,,,,,8.377806663513184,-0.8085635900497437,,624.0,862.3673075394257
-101.80532836914062,208958,0.04572650045156479,209059,0.0003,6,1500,162.47,215.40917209,8.370023727416992,0.12605181336402893,33998,,
-99.98614501953125,209701,0.04610303044319153,209802,0.0003,6,1504,165.35,218.90535206000004,9.819097518920898,-0.7963306903839111,34024,,
-97.54205322265625,209899,0.04532760754227638,210000,0.0003,,,,,15.424894332885742,1.1148059368133545,,1448.6,1989.7551728733736
-102.95098876953125,210845,0.04627428948879242,210946,0.0003,6,1508,173.97,231.05327135,16.845069885253906,-1.2018563747406006,34141,,
-98.6299819946289,210899,0.04669179394841194,211000,0.0003,,,,,17.294559478759766,0.27248233556747437,,187893.2,374490.3368714672
-99.31979370117188,211479,0.046221498399972916,211580,0.0003,4,1512,170.53,226.49419372000003,8.469597816467285,0.6013006567955017,43593,,
-99.05867767333984,211821,0.0474383719265461,211922,0.0003,4,1516,166.19,221.42444156,7.669663429260254,0.19660666584968567,43608,,
-97.67916870117188,211899,0.047538481652736664,212000,0.0003,,,,,20.125858306884766,0.4933302402496338,,7890.2,12005.986815753387
-97.39386749267578,212509,0.04836254566907883,212610,0.0003,4,1520,168.4,224.44625817000005,14.840303421020508,0.5889503359794617,44035,,
-99.13998413085938,212899,0.04759511724114418,213000,0.0003,,,,,8.260326385498047,0.8237563371658325,,39084.0,67798.78465185982
-95.5833969116211,213211,0.04938855394721031,213312,0.0003,4,1524,164.99,219.46886229,7.21926212310791,0.6671442985534668,46028,,
-97.35294342041016,213899,0.04666230455040932,214000,0.0003,,,,,14.929920196533203,0.3392438292503357,,15367.4,29472.08887770543
-98.9006576538086,214336,0.0470304898917675,214437,0.0003,4,1528,170.56,227.7079714,25.476734161376953,0.40153470635414124,46843,,
-94.30167388916016,214899,0.046959083527326584,215000,0.0003,,,,,10.772430419921875,0.543926477432251,,83696.6,133829.42914656148
-98.60745239257812,214985,0.04679257050156593,215086,0.0003,4,1532,171.47,229.38251525000004,14.296524047851562,-0.3875981867313385,51073,,
-95.09321594238281,215410,0.047214169055223465,215511,0.0003,4,1536,172.25,230.66413167,12.07369613647461,0.012394815683364868,51090,,
-100.0829849243164,215857,0.04710471257567406,215958,0.0003,4,1540,168.79,226.33810173999998,6.783241271972656,-0.2688150107860565,51107,,
-98.01773071289062,215899,0.04709284380078316,216000,0.0003,,,,,10.193546295166016,-0.2506263852119446,,26743.2,45774.53901827396
-95.34815216064453,216271,0.04891141131520271,216372,0.0003,4,1544,166.21,222.45535161000004,8.607521057128906,0.40079814195632935,52473,,
-100.73757934570312,216720,0.04755404591560364,216821,0.0003,4,1548,166.1,223.27988286000004,12.624600410461426,-0.29666101932525635,52491,,
-97.502197265625,216899,0.04774586856365204,217000,0.0003,,,,,11.539979934692383,0.08312678337097168,,111235.6,200811.52777298054
-98.32754516601562,217213,0.047651924192905426,217314,0.0003,3,1552,168.06,226.16138676999998,31.527204513549805,-0.5114267468452454,58099,,
-97.07649230957031,217899,0.047340646386146545,218000,0.0003,,,,,8.52216911315918,-0.5231313705444336,,59567.8,111720.15674069218
-95.5528564453125,218066,0.04671066626906395,218167,0.0003,3,1556,170.09,229.7882283,8.274638175964355,-0.6679160594940186,61126,,
-95.0391616821289,218624,0.046285711228847504,218725,0.0003,3,1560,167.83,227.33464297000003,13.040274620056152,0.10781026631593704,61146,,
-95.59237670898438,218899,0.04599272832274437,219000,0.0003,,,,,7.990934371948242,0.7815682888031006,,48082.2,82765.64604614789
-99.8537826538086,219378,0.04541481286287308,219479,0.0003,3,1564,171.79,233.9663348,36.81256866455078,-0.12015566974878311,63593,,
-95.78912353515625,219884,0.045838262885808945,219985,0.0003,3,1568,173.74,237.42599915000002,49.253997802734375,-0.09515193104743958,63612,,
-94.83336639404297,219899,0.04588565230369568,220000,0.0003,,,,,8.530591011047363,0.561988353729248,,3662.4,5206.185229963516
-96.57350158691406,220411,0.04691630229353905,220512,0.0003,3,1572,169.66,232.16513564000002,17.078943252563477,0.49273115396499634,63823,,
-97.54524230957031,220899,0.04500851035118103,221000,0.0003,,,,,26.732757568359375,0.6247735619544983,,7168.8,10615.446250733637
-95.91817474365234,221324,0.04538843035697937,221425,0.0003,3,1576,170.24,233.04485371,6.48693323135376,-0.44080883264541626,64221,,
