train/n_updates,time/fps,train/actor_loss,rollout/ep_rew_mean,rollout/ep_len_mean,time/total_timesteps,time/episodes,train/critic_loss,time/time_elapsed,train/learning_rate,train/ent_coef_loss,train/ent_coef,eval/mean_ep_length,eval/mean_reward
196,22,-3.748794317,54.37504475,74.25,297,4,0.023586492985486984,12,0.0003,-0.196615934,0.943160355,,
434,21,-4.635389328,47.21833,66.875,535,8,0.036813948303461075,24,0.0003,-0.435867518,0.8781558275222778,,
684,21,-6.40042305,41.799384333333336,65.41666666666667,785,12,0.033041004091501236,36,0.0003,-0.690585732,0.8147133588790894,,
899,,-7.0172472,,,1000,,0.028177812695503235,,0.0003,-0.901656032,0.7638322710990906,244.6,173.91406924341354
1079,16,-8.751648903,44.485477312499995,73.75,1180,16,0.044543553,73,0.0003,-1.087238312,0.7236906290054321,,
1363,16,-9.854989052,43.469157599999996,73.2,1464,20,0.05032216,86,0.0003,-1.373156071,0.6645843386650085,,
1566,17,-11.35851288,40.85497158333333,69.45833333333333,1667,24,0.08897198,97,0.0003,-1.578880668,0.6253177523612976,,
1899,,-12.2914257,,,2000,,0.084679529,,0.0003,-1.915271044,0.5658626556396484,245.8,173.19958543936664
,15,,42.76696685714286,71.42857142857143,2000,28,,131,,,,,
2198,15,-14.21045685,43.41887522,71.84375,2299,32,0.091951653,145,0.0003,-2.218418837,0.517309844,,
2424,16,-14.85486412,42.62950161111112,70.13888888888889,2525,36,0.11514025181531906,157,0.0003,-2.446016312,0.4833884835243225,,
2686,16,-15.35819244,42.164716850000005,69.675,2787,40,0.11665172129869461,169,0.0003,-2.70168972,0.4468364715576172,,
2899,,-16.69428444,,,3000,,0.1346219778060913,,0.0003,-2.943306446,0.41918185353279114,242,174.34125112504407
2937,15,-16.95364761,42.76621470454546,69.04545454545455,3038,44,0.14202658832073212,201,0.0003,-2.967877388,0.4144275188446045,,
3129,15,-16.69449806,41.55941827083333,67.29166666666667,3230,48,0.1711273193359375,212,0.0003,-3.155397177,0.39123499393463135,,
3304,15,-18.28777122,40.54894557692308,65.48076923076923,3405,52,0.14882588386535645,222,0.0003,-3.321161747,0.37123024463653564,,
3522,15,-18.07332039,39.629734910714284,64.69642857142857,3623,56,0.1820705235004425,233,0.0003,-3.547801256,0.3477303087711334,,
3795,15,-19.46504974,39.44288288333333,64.93333333333334,3896,60,0.21490216255187988,246,0.0003,-3.828724861,0.320391983,,
3899,,-19.75862694,,,4000,,0.18794621527194977,,0.0003,-3.938912153,0.31055203080177307,242.2,164.27657650105394
4043,14,-19.09749031,39.00314753,64.75,4144,64,0.20385976135730743,278,0.0003,-4.086287975,0.297419935,,
4374,15,-20.07597351,38.90573855882354,65.80882352941177,4475,68,0.26106175780296326,293,0.0003,-4.373729706,0.26932427287101746,,
4662,15,-20.227911,39.567612097222224,66.15277777777777,4763,72,0.3353000283241272,306,0.0003,-4.682097435,0.2470702826976776,,
4859,15,-20.43680382,39.33718397368421,65.26315789473684,4960,76,0.27650153636932373,317,0.0003,-4.88895607,0.2329200953245163,,
4899,,-20.57870483,,,5000,,0.34939688444137573,,0.0003,-4.904134274,0.23014631867408752,191.2,164.5129004
5050,14,-20.30994225,39.09045889,64.3875,5151,80,0.3340039551258087,344,0.0003,-5.075800419,0.2199755758047104,,
5392,15,-21.1366806,39.50787853571428,65.39285714285714,5493,84,0.3528096377849579,359,0.0003,-5.394532204,0.19856971502304077,,
5651,15,-21.07666397,39.73934145454545,65.36363636363636,5752,88,0.3795676529407501,372,0.0003,-5.547142029,0.18383927643299103,,
5899,,-23.32824707,,,6000,,0.39287760853767395,,0.0003,-5.834438324,0.17088031768798828,132,137.74038578653781
5972,15,-21.65966988,40.83630715217391,66.01086956521739,6073,92,0.42179709672927856,400,0.0003,-5.88774395,0.16726228594779968,,
6140,15,-22.18587303,40.81161202083334,65.01041666666667,6241,96,0.4028428792953491,410,0.0003,-5.821815491,0.1592726707458496,,
6295,15,-22.43039894,40.73503212000001,63.96,6396,100,0.46948879957199097,420,0.0003,-5.76034832,0.1523686945438385,,
6458,15,-22.66773987,40.07649557,62.62,6559,104,0.49256253242492676,429,0.0003,-6.023126602,0.14549222588539124,,
6632,15,-23.08190918,40.038661090000005,61.98,6733,108,0.45833995938301086,439,0.0003,-6.003772736,0.13848432898521423,,
6782,15,-22.40187454,40.132787109999995,60.98,6883,112,0.47780019,449,0.0003,-5.938930511,0.13273988664150238,,
6899,,-22.10939026,,,7000,,0.4131460189819336,,0.0003,-5.991176605,0.1284499317407608,96.8,124.10517889860493
6931,14,-22.98077202,39.26736578,58.52,7032,116,0.4768036901950836,470,0.0003,-6.031665802,0.12730886042118073,,
7067,14,-22.36853027,38.97788316,57.04,7168,120,0.47797369956970215,479,0.0003,-6.174376488,0.12261384725570679,,
7205,14,-23.43891907,39.22262354,56.39,7306,124,0.4660722017288208,488,0.0003,-6.473986626,0.11802872270345688,,
7347,14,-22.36172485,38.442279649999996,54.48,7448,128,0.4614683985710144,497,0.0003,-6.028566837,0.11349290609359741,,
7474,14,-23.07558632,37.76711659,52.76,7575,132,0.5165350437164307,506,0.0003,-6.109416485,0.10956289619207382,,
7614,14,-23.7991333,37.552664809999996,51.9,7715,136,0.4807620346546173,515,0.0003,-6.267772675,0.10534073412418365,,
7737,14,-25.07051468,37.2728363,50.51,7838,140,0.5523220300674438,523,0.0003,-6.685884953,0.10178810358047485,,
7869,14,-22.42253494,36.61970386,49.32,7970,144,0.5458285212516785,532,0.0003,-6.609050274,0.098052606,,
7899,,-24.29182816,,,8000,,0.49803850054740906,,0.0003,-6.646230698,0.097209752,86.6,109.61854665667343
8015,14,-22.82737732,36.87503409,48.86,8116,148,0.5130754113197327,553,0.0003,-6.677243233,0.093995228,,
8138,14,-22.89164734,36.75749905,48.34,8239,152,0.4856754243373871,561,0.0003,-6.709685802,0.090680659,,
8258,14,-21.86056137,36.794445059999994,47.36,8359,156,0.44273385405540466,570,0.0003,-6.877188683,0.08756315,,
8378,14,-23.93438339,36.42977291999999,45.83,8479,160,0.5078879594802856,578,0.0003,-6.899720192,0.084531009,,
8514,14,-22.83503342,36.26379595,44.71,8615,164,0.476296991,587,0.0003,-7.381999969,0.081205636,,
8670,14,-24.75598717,36.31366542999999,42.96,8771,168,0.5698963403701782,596,0.0003,-7.145591736,0.077566728,,
8861,14,-21.78191948,36.6351404,41.99,8962,172,0.48898205161094666,607,0.0003,-7.311448097,0.073362485,,
8899,,-23.68952179,,,9000,,0.49269670248031616,,0.0003,-7.176167011,0.07256411,133.2,172.20279010728336
9131,14,-22.52329636,37.95440501,42.72,9232,176,0.520823061,634,0.0003,-7.235067844,0.067887217,,
9370,14,-22.30282974,38.94718717,43.2,9471,180,0.5496293306350708,646,0.0003,-7.591510773,0.06352023,,
9559,14,-22.3128891,39.289094229999996,41.67,9660,184,0.4864811897277832,656,0.0003,-6.68652153,0.060402315109968185,,
9804,14,-23.03752327,40.41564149,41.53,9905,188,0.5319554805755615,668,0.0003,-6.469917297,0.056630235,,
9899,,-22.81700134,,,10000,,0.5904873609542847,,0.0003,-6.57656002,0.055273626,156,182.5574086692621
10066,14,-22.78279495,40.98743761,40.94,10167,192,0.512668252,696,0.0003,-5.974104404,0.053024031,,
10262,14,-23.12453842,41.882251270000005,41.22,10363,196,0.5344870090484619,707,0.0003,-5.908374786,0.050648168,,
10439,14,-23.03508377,42.715522039999996,41.44,10540,200,0.5655004382133484,717,0.0003,-4.900578499,0.048724033,,
10566,14,-21.24516296,42.77049047,41.08,10667,204,0.5157436728477478,726,0.0003,-4.609817505,0.047461789,,
10714,14,-22.53811264,43.23141554,40.82,10815,208,0.5182743072509766,735,0.0003,-5.097513199,0.045982312,,
10885,14,-21.98945236,43.9907659,41.03,10986,212,0.5427060723304749,745,0.0003,-4.611894131,0.044298567,,
10899,,-23.86393356,,,11000,,0.5440254807472229,,0.0003,-4.775342464,0.044164773,142.6,244.74691170757723
11086,14,-23.05721855,45.61601594,41.55,11187,216,0.5047488808631897,770,0.0003,-4.633844376,0.042387266,,
11250,14,-22.08579254,46.62227213999999,41.83,11351,220,0.49027717113494873,780,0.0003,-4.657981873,0.040926992893218994,,
11425,14,-21.92804146,47.41729646999999,42.2,11526,224,0.49205175042152405,790,0.0003,-3.682050228,0.03942351,,
11623,14,-21.91892624,48.95695037,42.76,11724,228,0.5239309668540955,801,0.0003,-3.076085806,0.037842147052288055,,
11850,14,-22.18835068,51.43190075999999,43.76,11951,232,0.5787691473960876,813,0.0003,-2.347921371,0.036187235,,
11899,,-23.61983299,,,12000,,0.4942881762981415,,0.0003,-3.129542351,0.035857733339071274,116.6,184.31712118695867
12088,14,-22.26978302,54.074300660000006,44.74,12189,236,0.48644956946372986,838,0.0003,-2.789284706,0.034609314,,
12287,14,-23.95114899,55.814012160000004,45.5,12388,240,0.5030175447463989,849,0.0003,-1.575148344,0.033422418,,
12478,14,-24.04102135,57.27088613000001,46.09,12579,244,0.4496774673461914,859,0.0003,-2.323577166,0.032310847,,
12689,14,-24.97912598,58.89798549,46.74,12790,248,0.4155969023704529,870,0.0003,-2.114644289,0.031182928010821342,,
12899,,-23.66935539,,,13000,,0.3886699676513672,,0.0003,-1.368379951,0.030132333,141.6,216.48358275849097
,14,,60.89326118000001,47.61,13000,252,,896,,,,,
13110,14,-23.76989365,63.020754040000014,48.52,13211,256,0.3839956820011139,907,0.0003,-1.624763966,0.029115760698914528,,
13322,14,-25.2346077,65.42901327,49.44,13423,260,0.35465818643569946,918,0.0003,-0.99674052,0.028258878737688065,,
13524,14,-25.49811172,67.50210019,50.1,13625,264,0.4116710424423218,929,0.0003,-1.087197781,0.027634539,,
13715,14,-25.47933197,68.8939065,50.45,13816,268,0.3750685155391693,940,0.0003,-0.468456358,0.027162455022335052,,
13899,,-26.44444847,,,14000,,0.38488495349884033,,0.0003,-1.06413734,0.026905030012130737,138,273.6933981928829
13967,14,-25.56973648,70.64248685000001,51.06,14068,272,0.3330852687358856,966,0.0003,0.28148582577705383,0.026810355484485626,,
14165,14,-25.97153473,71.20053401,50.34,14266,276,0.3544459640979767,977,0.0003,0.647787869,0.026640547439455986,,
14322,14,-26.34425354,71.22394312,49.52,14423,280,0.3286988437175751,987,0.0003,0.8024452328681946,0.026684077456593513,,
14485,14,-26.08320999,71.69943789000001,49.26,14586,284,0.3156511187553406,996,0.0003,-0.422224253,0.027008332312107086,,
14654,14,-28.32144928,71.69778419000001,48.5,14755,288,0.35801568627357483,1006,0.0003,1.4849921464920044,0.027533089742064476,,
14842,14,-27.43074608,71.94581124999999,47.76,14943,292,0.3563553988933563,1017,0.0003,1.6090328693389893,0.028403956443071365,,
14899,,-27.67518616,,,15000,,0.3377460539340973,,0.0003,1.7999076843261719,0.028742451,135.6,287.8977144725133
15046,14,-29.2607193,73.03547456999999,47.84,15147,296,0.36413291096687317,1042,0.0003,1.0164647102355957,0.029626723378896713,,
15205,14,-28.94018936,73.28037813,47.66,15306,300,0.3108927011489868,1051,0.0003,0.8950139880180359,0.030750764533877373,,
15383,14,-28.48318863,74.91031032,48.17,15484,304,0.38424789905548096,1062,0.0003,1.2354496717453003,0.032112706,,
15553,14,-30.30023956,75.65166828000001,48.39,15654,308,0.32298776507377625,1071,0.0003,0.9129207730293274,0.033567227,,
15727,14,-30.62930298,76.74103047,48.42,15828,312,0.3566986918449402,1081,0.0003,-0.022965744,0.035202827,,
15884,14,-29.82396698,76.45400002999999,47.98,15985,316,0.3494862914085388,1091,0.0003,1.0469584465026855,0.036660329,,
15899,,-30.53108978,,,16000,,0.3421289026737213,,0.0003,1.418034315109253,0.036781612783670425,152.6,315.0482019252704
16084,14,-29.85548782,77.72754534,48.34,16185,320,0.3181348145008087,1117,0.0003,1.0929385423660278,0.038486619,,
16257,14,-31.99649048,78.53929288999998,48.32,16358,324,0.3416593074798584,1127,0.0003,0.7624266743659973,0.039950494,,
16460,14,-31.31179047,79.16036780999998,48.37,16561,328,0.3840803802013397,1138,0.0003,-0.026260599,0.041598860174417496,,
16626,14,-31.48607826,78.18478846,47.76,16727,332,0.305245042,1147,0.0003,0.7796714901924133,0.042896885,,
16821,14,-34.34812164,77.7835562,47.33,16922,336,0.35438886284828186,1158,0.0003,0.6536219120025635,0.044463858008384705,,
16899,,-32.35860443,,,17000,,0.3201740086078644,,0.0003,0.7429674863815308,0.045076862,294.4,614.6075732645506
17088,14,-34.81970215,79.69303321000001,48.01,17189,340,0.350037158,1193,0.0003,0.6073093414306641,0.046696469,,
17312,14,-34.32173157,81.04128786999999,48.34,17413,344,0.3753122389316559,1205,0.0003,-0.396759391,0.048501063138246536,,
17520,14,-34.63191223,81.68988266000001,48.31,17621,348,0.4501899182796478,1216,0.0003,0.23311176896095276,0.049754258,,
17752,14,-34.96743774,83.09389163,48.53,17853,352,0.3763802647590637,1227,0.0003,0.4341421127319336,0.051087737,,
17899,,-34.18016052,,,18000,,0.3621392548084259,,0.0003,1.0869438648223877,0.052032657,583.4,1186.6036019705184
18118,14,-34.52106476,85.64986773000003,50.08,18219,356,0.36828964948654175,1280,0.0003,0.7576024532318115,0.053760946,,
18401,14,-37.50217819,85.87653327999999,50.79,18502,360,0.4196055233478546,1293,0.0003,-0.669355333,0.055142801,,
18687,14,-38.75316238,87.21781849999999,51.63,18788,364,0.37159886956214905,1307,0.0003,-0.339556456,0.055865623,,
18899,,-35.82611847,,,19000,,0.3756842315196991,,0.0003,0.41715410351753235,0.057034578174352646,215.6,333.8640801171088
19115,14,-36.78890228,88.95120199000002,54,19216,368,0.4083794951438904,1342,0.0003,-0.27245003,0.05832589,,
19482,14,-37.51674271,89.4886481,55.15,19583,372,0.4006659984588623,1358,0.0003,-0.055449784,0.05935679,,
19753,14,-38.04275513,88.90309430999997,55.88,19854,376,0.39556077122688293,1371,0.0003,0.096907049,0.060284987,,
19899,,-39.70092773,,,20000,,0.3881149888038635,,0.0003,0.32954955101013184,0.061313603073358536,175,195.5957466844149
20126,14,-38.72844696,91.25859003000001,58.04,20227,380,0.4552609622478485,1403,0.0003,-0.236877978,0.062383465468883514,,
20444,14,-39.32986069,91.41545135999999,59.59,20545,384,0.4544764757156372,1418,0.0003,0.4173767864704132,0.064473107,,
20702,14,-38.82447815,92.48241070999998,60.48,20803,388,0.4548003375530243,1430,0.0003,0.10313005745410919,0.065940201,,
20899,,-37.66774368,,,21000,,0.4201865494251251,,0.0003,-0.031513602,0.066615857,226.4,258.56453375583004
20976,14,-41.46774673,93.43479778,61.34,21077,392,0.4035230278968811,1462,0.0003,-0.252567828,0.066736743,,
21369,14,-40.87598801,94.39772611999999,63.23,21470,396,0.4632713794708252,1478,0.0003,-0.72165978,0.067053095,,
21666,14,-41.08903885,95.95430050000003,64.61,21767,400,0.45568975806236267,1492,0.0003,0.5848668813705444,0.067060336,,
21890,14,-40.98501587,95.81270044000001,65.07,21991,404,0.4598660469055176,1504,0.0003,0.22749745845794678,0.067162246,,
21899,,-41.47367096,,,22000,,0.4467265009880066,,0.0003,-0.040681548,0.067193046,188.8,206.49033337936197
22263,14,-43.02509689,96.46255397,67.1,22364,408,0.44407087564468384,1536,0.0003,0.2205064594745636,0.067719497,,
22653,14,-42.99733353,96.15136304999999,69.26,22754,412,0.4752790629863739,1553,0.0003,-0.128617048,0.069043607,,
22899,,-41.01189423,,,23000,,0.5142252445220947,,0.0003,-0.020638734,0.068988845,197.4,204.81772858167022
23073,14,-44.68182373,97.66109794000002,71.89,23174,416,0.4080251157283783,1587,0.0003,-0.686634839,0.069315568,,
23256,14,-41.70628357,95.99449495,71.72,23357,420,0.48934465646743774,1598,0.0003,0.6208785772323608,0.069179907,,
23702,14,-42.98136139,96.11227357,74.45,23803,424,0.5209963321685791,1616,0.0003,0.3529181182384491,0.069857299,,
23899,,-41.43162155,,,24000,,0.5752609968185425,,0.0003,0.24726662039756775,0.070110187,177.4,182.33281866030012
24152,14,-43.31941223,97.94386475000002,76.92,24253,428,0.5063377022743225,1651,0.0003,0.1689087152481079,0.069870725,,
24522,14,-44.02632523,98.66001366,78.96,24623,432,0.5937483310699463,1666,0.0003,0.12533289194107056,0.069921687,,
24899,,-41.81438446,,,25000,,0.5116126537322998,,0.0003,0.048946004,0.070216417,181.8,175.9290447623949
24992,14,-42.41119385,101.15975874000002,81.71,25093,436,0.5533803105354309,1702,0.0003,-0.29555127,0.070147343,,
25400,14,-44.57132721,100.19136478000001,83.12,25501,440,0.5321691632270813,1719,0.0003,0.4679136574268341,0.070470296,,
25835,14,-46.79533386,98.78534634000002,85.23,25936,444,0.5266969203948975,1737,0.0003,-0.652805567,0.071272843,,
25899,,-45.50627899,,,26000,,0.5806554555892944,,0.0003,0.32247161865234375,0.071335033,170,142.80204513069984
26262,14,-45.82673645,99.79988416,87.42,26363,448,0.5244313478469849,1770,0.0003,-0.650681376,0.073765337,,
26567,14,-45.09605026,98.52329275,88.15,26668,452,0.5579081773757935,1784,0.0003,0.02835127,0.074395061,,
26899,,-45.20620728,,,27000,,0.5739761590957642,,0.0003,0.4607376456260681,0.074634127,186,177.03847921740453
27018,14,-46.179245,96.66095469,89,27119,456,0.6264212727546692,1819,0.0003,0.4381909966468811,0.074632615,,
27488,15,-46.21038818,97.11464414,90.87,27589,460,0.6331714391708374,1838,0.0003,-0.097463474,0.075210541,,
27899,,-46.5399971,,,28000,,0.6572916507720947,,0.0003,-0.137450755,0.075677618,179.8,166.40272008071332
27993,14,-43.24764252,96.72865899,93.06,28094,464,0.6103659868240356,1874,0.0003,0.088703901,0.075933665,,
28479,15,-46.0604248,96.94251060999999,93.64,28580,468,0.6190721988677979,1893,0.0003,-0.079286292,0.076523237,,
28870,15,-45.44141006,96.08662124,93.88,28971,472,0.595237672,1910,0.0003,0.18099690973758698,0.076761879,,
28899,,-42.78089523,,,29000,,0.6020077466964722,,0.0003,0.076858997,0.076771505,219.8,190.9152151049646
29299,15,-47.6799736,98.93652936000002,95.46,29400,476,0.6369587182998657,1946,0.0003,0.087160811,0.07697697,,
29760,15,-44.58919907,97.71952120000002,96.34,29861,480,0.6125031113624573,1965,0.0003,-0.081319332,0.077683963,,
29899,,-46.57753754,,,30000,,0.6670747995376587,,0.0003,-0.180083692,0.078006439,162.6,98.38860626
30220,15,-48.34225464,97.73278994,97.76,30321,484,0.6324275732040405,1999,0.0003,-0.948926568,0.07746698,,
30615,15,-46.50628281,96.92953446,99.13,30716,488,0.6604298949241638,2016,0.0003,0.095730379,0.078003243,,
30899,,-46.66602325,,,31000,,0.6278332471847534,,0.0003,-0.218497604,0.078668274,187,145.1567368195334
31127,15,-47.62989044,96.8895483,101.51,31228,492,0.5819396376609802,2052,0.0003,-0.334098876,0.078899935,,
31565,15,-46.15657806,96.25788589,101.96,31666,496,0.6856205463409424,2070,0.0003,-0.046855833,0.079777226,,
31879,15,-46.63848877,95.32354375000001,102.13,31980,500,0.6751394867897034,2085,0.0003,-0.392976195,0.079500958,,
31899,,-43.56003571,,,32000,,0.6657092571258545,,0.0003,-0.289617807,0.079591267,174.8,108.55580017733882
32278,15,-44.62556458,95.51559162000001,103.88,32379,504,0.6403530836105347,2117,0.0003,-0.080160871,0.080079861,,
32703,15,-46.70429993,96.64599847000001,104.4,32804,508,0.6585677862167358,2135,0.0003,-0.331623256,0.079093456,,
32899,,-45.28381348,,,33000,,0.6299640536308289,,0.0003,-0.132021457,0.07873977,208.2,152.5300934
33051,15,-47.16400146,98.30641977,103.98,33152,512,0.7349196672439575,2168,0.0003,-0.080829695,0.078918315,,
33346,15,-48.83465958,98.59538989,102.73,33447,516,0.6919230222702026,2182,0.0003,-0.503762066,0.079175346,,
33605,15,-47.05371094,100.5085813,103.49,33706,520,0.6626043319702148,2194,0.0003,-0.275688499,0.078357175,,
33899,,-47.4235611,,,34000,,0.6810097098350525,,0.0003,-0.085291758,0.077802882,221.4,217.36887382925198
34024,15,-43.6714859,101.4687184,103.22,34125,524,0.6740179061889648,2230,0.0003,0.3074858784675598,0.077837713,,
34399,15,-44.99151993,100.3871516,102.47,34500,528,0.718740702,2246,0.0003,0.2829543352127075,0.076611795,,
34738,15,-46.35996246,101.1127205,102.16,34839,532,0.6546300649642944,2261,0.0003,0.30998536944389343,0.076344535,,
34899,,-47.83218765,,,35000,,0.6284888982772827,,0.0003,-0.483441561,0.076816253,161,59.86649648544771
35238,15,-46.26635361,100.96281843999999,102.46,35339,536,0.6844602823257446,2296,0.0003,0.083595522,0.076085672,,
35706,15,-46.58494186,99.2794783,103.06,35807,540,0.7670376896858215,2315,0.0003,-0.140359998,0.075401597,,
35899,,-46.77405548,,,36000,,0.6718802452087402,,0.0003,-0.471967936,0.074597247,161,70.72993963998888
36034,15,-45.97582245,100.02176585000001,101.99,36135,544,0.6804678440093994,2345,0.0003,0.3541933298110962,0.074488752,,
36457,15,-47.59069061,100.1581948,101.95,36558,548,0.6999074220657349,2363,0.0003,-0.052129485,0.074013591,,
36884,15,-46.4056778,101.70278395999999,103.17,36985,552,0.7447574734687805,2381,0.0003,-0.136594534,0.07384903,,
36899,,-45.65761566,,,37000,,0.6760918498039246,,0.0003,-0.075746253,0.073775962,161,77.38493339461711
37331,15,-45.75670242,103.1650129,103.13,37432,556,0.7141302824020386,2414,0.0003,0.2751886248588562,0.074568622,,
37713,15,-44.59976196,104.3756185,102.25,37814,560,0.6352218389511108,2431,0.0003,-0.071841747,0.075215295,,
37899,,-46.24922562,,,38000,,0.7138814330101013,,0.0003,0.5874931216239929,0.075932831,166,77.48368775950075
38235,15,-44.64056396,106.37126785000001,102.42,38336,564,0.6872851252555847,2467,0.0003,0.5450658798217773,0.076199934,,
38594,15,-47.65977859,105.67344401000003,101.15,38695,568,0.664462149,2482,0.0003,0.564796507,0.07581982,,
38899,,-43.28973389,,,39000,,0.7019456028938293,,0.0003,0.1801450252532959,0.076590843,163.4,89.63477527736177
39066,15,-44.87935638,107.36715308000002,101.96,39167,572,0.7279725670814514,2517,0.0003,0.18544691801071167,0.076625183,,
39403,15,-45.66062164,106.43055854000002,101.04,39504,576,0.6864604949951172,2532,0.0003,0.39832043647766113,0.077741623,,
39695,15,-48.94360352,106.7405794,99.35,39796,580,0.6506362557411194,2545,0.0003,0.30943840742111206,0.078219928,,
39899,,-49.00421906,,,40000,,0.6391707062721252,,0.0003,-0.267150551,0.078464083,237.2,215.10768799540747
40182,15,-47.87086105,109.9774074,99.62,40283,584,0.7647402882575989,2584,0.0003,-0.484385312,0.078833029,,
40573,15,-46.43904114,111.75105316999999,99.58,40674,588,0.6925354599952698,2601,0.0003,0.13463886082172394,0.079607457,,
40899,,-46.96298981,,,41000,,0.763589621,,0.0003,-0.293738842,0.079497024,276.8,283.8876424492861
40979,15,-46.85097504,112.65511549000001,98.52,41080,592,0.6906442046165466,2639,0.0003,0.2938346266746521,0.079473205,,
41269,15,-45.43069839,112.8386134,97.04,41370,596,0.6915716528892517,2653,0.0003,-0.585451603,0.080270573,,
41612,15,-47.27606964,114.43013867000002,97.33,41713,600,0.6930273771286011,2668,0.0003,-0.177991986,0.081027791,,
41899,,-45.98794937,,,42000,,0.7807015180587769,,0.0003,-0.048641652,0.082077935,188.6,143.9746810744553
42065,15,-48.74274445,116.70306292000001,97.87,42166,604,0.7521783709526062,2703,0.0003,0.10611198842525482,0.082699612,,
42499,15,-46.41196442,117.9336664,97.96,42600,608,0.6887403130531311,2721,0.0003,0.049076945,0.083553798,,
42899,,-47.8913269,,,43000,,0.6561018228530884,,0.0003,0.20794303715229034,0.084407821,293.8,414.49949460636856
43004,15,-46.44355011,119.80408906000001,99.53,43105,612,0.6687372922897339,2763,0.0003,0.17628957331180573,0.084818542,,
43341,15,-46.76785278,120.82531693000001,99.95,43442,616,0.7345522046089172,2778,0.0003,-0.019199044,0.085722759,,
43752,15,-45.85142517,122.20640872999998,101.47,43853,620,0.684047282,2795,0.0003,-0.119203508,0.086330093,,
43899,,-46.44109344,,,44000,,0.6457447409629822,,0.0003,0.4721769094467163,0.086760409,284.4,433.80373933376177
44089,15,-49.1384964,123.2086864,100.65,44190,624,0.6951056122779846,2831,0.0003,0.083016917,0.086837515,,
44368,15,-45.39539337,123.62679189000002,99.69,44469,628,0.6711402535438538,2845,0.0003,0.4522849917411804,0.088011518,,
44650,15,-49.84720612,123.90135618000001,99.12,44751,632,0.6877084970474243,2858,0.0003,0.22451551258563995,0.089094207,,
44899,,-46.4394989,,,45000,,0.7442302107810974,,0.0003,0.094933942,0.089904502,281.8,320.6735326097172
44947,15,-48.85752487,122.5009807,97.09,45048,636,0.7361243963241577,2893,0.0003,-0.432671875,0.090187773,,
45305,15,-47.35275269,125.57228287999999,95.99,45406,640,0.7488208413124084,2909,0.0003,-0.71236521,0.091636226,,
45522,15,-52.15291977,125.30002205999999,94.88,45623,644,0.7134546637535095,2920,0.0003,-0.397277862,0.091380268,,
45862,15,-50.22245407,125.5816995,94.05,45963,648,0.723789632,2935,0.0003,-0.208615333,0.092113428,,
45899,,-47.85208893,,,46000,,0.7637372016906738,,0.0003,-0.472615093,0.092199199,308.2,415.8699810843929
46160,15,-49.23027802,125.69504342999998,92.76,46261,652,0.7198780179023743,2971,0.0003,-0.137144074,0.092397429,,
46468,15,-48.81926346,125.203761,91.37,46569,656,0.7174522280693054,2986,0.0003,0.7081966996192932,0.091927707,,
46764,15,-49.38426971,124.22568325000002,90.51,46865,660,0.7135136127471924,2999,0.0003,0.055121392011642456,0.092866905,,
46899,,-50.30517578,,,47000,,0.738109291,,0.0003,1.0907227993011475,0.093221068,294.6,421.70625674969267
47051,15,-50.02690887,122.54051486000002,88.16,47152,664,0.7634210586547852,3035,0.0003,-0.045452885,0.093428776,,
47336,15,-52.40038681,122.5986737,87.42,47437,668,0.7679082751274109,3048,0.0003,0.1300899237394333,0.094742246,,
47605,15,-49.10897064,121.7791235,85.39,47706,672,0.7141504883766174,3061,0.0003,0.6306425333023071,0.095217042,,
47899,,-51.50466156,,,48000,,0.7570345401763916,,0.0003,-0.223721772,0.09590023,301.8,399.6804536734664
47986,15,-50.03342819,123.30618282000002,85.83,48087,676,0.7074691653251648,3100,0.0003,-0.224621609,0.096246175,,
48212,15,-48.62892532,123.2358959,85.17,48313,680,0.7084725499153137,3111,0.0003,0.14524340629577637,0.097053021,,
48585,15,-50.03559875,122.74391490000002,84.03,48686,684,0.7345966696739197,3127,0.0003,0.5278552174568176,0.097341463,,
48899,,-49.2605629,,,49000,,0.7749589085578918,,0.0003,-0.202525705,0.09746749,303,401.8505957517547
48934,15,-46.74016571,123.4914211,83.61,49035,688,0.6646736860275269,3165,0.0003,0.052547425,0.097404912,,
49263,15,-53.48485565,123.57609633000001,82.84,49364,692,0.7295065522193909,3180,0.0003,-0.433251321,0.097788967,,
49536,15,-50.45189285,123.63548555999999,82.67,49637,696,0.745643675,3193,0.0003,0.050376713275909424,0.098675542,,
49859,15,-54.44483185,124.09185773000002,82.47,49960,700,0.7616958618164062,3207,0.0003,-0.372622192,0.098964952,,
49899,,-52.2321701,,,50000,,0.7493485808372498,,0.0003,0.2223793864250183,0.099135034,310.6,430.97512258942663
50165,15,-53.71252441,123.138822,81,50266,704,0.7547614574432373,3244,0.0003,0.3458694517612457,0.10030769556760788,,
50413,15,-51.67106628,121.0808663,79.14,50514,708,0.7591895461082458,3256,0.0003,-0.451424539,0.09936513,,
50800,15,-50.58005524,120.67176364999999,77.96,50901,712,0.7390864491462708,3273,0.0003,-0.175877944,0.099449456,,
50899,,-53.19504547,,,51000,,0.7736862301826477,,0.0003,0.03527388,0.099591263,290.8,376.7001295569353
51074,15,-51.47484207,119.0630017,77.33,51175,716,0.7756272554397583,3308,0.0003,-0.378171742,0.1003027930855751,,
51343,15,-52.89125824,118.1451289,75.91,51444,720,0.7365130186080933,3321,0.0003,-0.192287683,0.10071764886379242,,
51657,15,-51.65428162,118.03570145000002,75.68,51758,724,0.7258545160293579,3335,0.0003,0.058941696,0.10095852613449097,,
51899,,-52.05236435,,,52000,,0.7568249106407166,,0.0003,0.088870451,0.10252225399017334,305.4,348.7229507784876
52017,15,-51.58609772,118.1756828,76.49,52118,728,0.8664215803146362,3373,0.0003,-0.098253518,0.10252555459737778,,
52401,15,-51.88232422,118.9585429,77.51,52502,732,0.7660167217254639,3390,0.0003,-0.150390252,0.10222979635000229,,
52679,15,-53.17999268,118.74143294000001,77.32,52780,736,0.81033802,3403,0.0003,0.076743633,0.10218383371829987,,
52899,,-51.92977905,,,53000,,0.775719166,,0.0003,0.3241473436355591,0.10290061682462692,313.6,405.09190552536745
53117,15,-51.57460785,119.7039123,78.12,53218,740,0.8421979546546936,3444,0.0003,0.22786004841327667,0.10313810408115387,,
53399,15,-55.04610062,120.19284447999999,78.77,53500,744,0.837146521,3457,0.0003,0.1495921015739441,0.10475115478038788,,
53706,15,-54.2572937,119.65789914999999,78.44,53807,748,0.7961772084236145,3471,0.0003,0.014907837,0.10558365285396576,,
53899,,-53.7922821,,,54000,,0.8078963756561279,,0.0003,0.1609829068183899,0.10585761815309525,280.8,317.66813984563197
54079,15,-54.98591614,119.93836333000002,79.19,54180,752,0.7567572593688965,3508,0.0003,0.38628801703453064,0.10653708875179291,,
54431,15,-54.27787399,119.543208,79.63,54532,756,0.770150363,3524,0.0003,-0.384396642,0.10613616555929184,,
54738,15,-55.29536438,119.6056006,79.74,54839,760,0.836128294,3538,0.0003,0.011394813656806946,0.10593041032552719,,
54899,,-52.27079773,,,55000,,0.7957978844642639,,0.0003,0.3632075786590576,0.10601247102022171,321.8,324.37069982867763
55213,15,-54.94266891,121.5801129,81.62,55314,764,0.7536770105361938,3580,0.0003,0.004680417,0.10729200392961502,,
55608,15,-55.59911346,121.7140201,82.72,55709,768,0.7701599597930908,3597,0.0003,-0.420989931,0.10714676231145859,,
55899,,-53.84856796,,,56000,,0.7876543402671814,,0.0003,0.1981828361749649,0.10798915475606918,289.4,313.0014311845756
56003,15,-53.01900101,122.5700871,83.98,56104,772,0.7788000106811523,3635,0.0003,0.36923035979270935,0.10818075388669968,,
56334,15,-56.6756134,120.098337,83.48,56435,776,0.8410546779632568,3650,0.0003,0.1613888442516327,0.10951659083366394,,
56655,15,-56.38117599,121.5351487,84.43,56756,780,0.8743209838867188,3665,0.0003,-0.140055358,0.10995277762413025,,
56899,,-56.01141357,,,57000,,0.9109405875205994,,0.0003,0.19056491553783417,0.10858891159296036,307.4,324.0157732271749
57109,15,-51.84711075,120.73608652999998,85.24,57210,784,0.7847723364830017,3706,0.0003,-0.001726426,0.10919540375471115,,
57562,15,-53.91239166,121.0502916,86.28,57663,788,0.8472554683685303,3724,0.0003,0.3006851077079773,0.11043421179056168,,
57893,15,-56.99529266,120.36423847999998,86.3,57994,792,0.8335530161857605,3739,0.0003,-0.361093432,0.11117631942033768,,
57899,,-54.84747696,,,58000,,0.8459351062774658,,0.0003,-0.105011821,0.11113693565130234,302,336.6977396654664
58367,15,-56.77029037,122.02965783000003,88.31,58468,796,0.8276596665382385,3781,0.0003,-0.060791895,0.11097119748592377,,
58833,15,-56.21567154,121.91168403000002,89.74,58934,800,0.7947575449943542,3800,0.0003,-0.168217734,0.11094621568918228,,
58899,,-57.54159546,,,59000,,0.8136120438575745,,0.0003,0.37887102365493774,0.11093579232692719,299,338.9941958551062
59254,15,-55.28279877,122.0092515,90.89,59355,804,0.7639435529708862,3839,0.0003,0.21999871730804443,0.11258154362440109,,
59688,15,-57.05912399,122.67968003000001,92.75,59789,808,0.831246018,3857,0.0003,0.3966662287712097,0.11277198046445847,,
59899,,-55.67111206,,,60000,,0.82761389,,0.0003,0.050678194,0.11403897404670715,303.4,321.10389548087113
60135,15,-57.2463913,122.57310129000001,93.35,60236,812,0.7701364159584045,3898,0.0003,-0.436799109,0.11421694606542587,,
60450,15,-57.13935852,123.1848927,93.76,60551,816,1.020699381828308,3912,0.0003,0.001616985,0.1140543594956398,,
60814,15,-55.71715927,123.37007745000003,94.71,60915,820,0.8977465033531189,3928,0.0003,0.085784614,0.11451782286167145,,
60899,,-57.12515259,,,61000,,0.785722554,,0.0003,-0.190023243,0.11451903730630875,293.4,316.4702653078915
61142,15,-54.95950699,122.0360983,94.85,61243,824,0.8197941184043884,3965,0.0003,-0.320737273,0.11413469165563583,,
61526,15,-57.7277298,122.5214648,95.09,61627,828,0.8394284248352051,3981,0.0003,0.2414381504058838,0.11378495395183563,,
61861,15,-56.54981995,121.4263298,94.6,61962,832,0.8161777853965759,3996,0.0003,0.3255474865436554,0.11400512605905533,,
61899,,-55.07501221,,,62000,,0.8136705756187439,,0.0003,0.12201060354709625,0.11387597769498825,312.2,341.8126024394267
62357,15,-57.47056961,123.69908474999997,96.78,62458,836,0.8078477382659912,4038,0.0003,0.3419117331504822,0.11527001857757568,,
62781,15,-59.58190155,121.41243817999997,96.64,62882,840,0.8598853349685669,4056,0.0003,0.27217721939086914,0.1162930354475975,,
62899,,-56.36414337,,,63000,,0.8390076756477356,,0.0003,0.3193299174308777,0.1160711869597435,295.8,318.58251540075435
63182,15,-59.3934288,122.6242698,97.83,63283,844,0.8002004027366638,4095,0.0003,-0.459096521,0.11650186777114868,,
63537,15,-58.41304016,122.1057955,98.31,63638,848,0.8110612630844116,4110,0.0003,-0.64869523,0.1164487972855568,,
63899,,-57.18228149,,,64000,,0.8362740874290466,,0.0003,-0.314033955,0.11606203019618988,299,372.2847038
64001,15,-59.26342773,122.5431293,99.22,64102,852,0.8086633086204529,4151,0.0003,-0.589663565,0.11595325171947479,,
64411,15,-57.93462372,123.0490137,99.8,64512,856,0.8185938596725464,4168,0.0003,0.031749557703733444,0.11695036292076111,,
64838,15,-59.91126633,124.11361292999996,101,64939,860,0.8407188653945923,4186,0.0003,-0.452863842,0.11776357889175415,,
64899,,-57.5329895,,,65000,,0.8490699529647827,,0.0003,-0.245374948,0.11778727918863297,275.2,295.6195122513724
65384,15,-57.8576622,124.20001933000002,101.71,65485,864,0.8658803701400757,4228,0.0003,0.1146683543920517,0.1179659366607666,,
65868,15,-58.84314728,125.4457962,102.6,65969,868,0.8792470097541809,4248,0.0003,0.3973802924156189,0.1183207556605339,,
65899,,-59.1493721,,,66000,,0.8790006637573242,,0.0003,0.2521474361419678,0.11827994138002396,285.8,313.95741766395076
66345,15,-61.64345932,125.3477746,103.42,66446,872,0.8431839346885681,4288,0.0003,0.25873759388923645,0.11834575980901718,,
66758,15,-59.78449249,126.70187314000003,104.24,66859,876,0.8430290818214417,4305,0.0003,0.369810015,0.11671613156795502,,
66899,,-59.71725845,,,67000,,0.8303977251052856,,0.0003,-0.005124666,0.1180691197514534,244.2,229.8180645
67211,15,-61.16939545,126.6579303,105.56,67312,880,0.8058706521987915,4343,0.0003,0.6182982921600342,0.11919797211885452,,
67678,15,-61.7298317,127.9361829,105.69,67779,884,0.7992616295814514,4362,0.0003,-0.141686171,0.11870484054088593,,
67899,,-59.70059204,,,68000,,0.8144022226333618,,0.0003,-0.195601642,0.11895928531885147,272.8,335.02152887363263
68222,15,-60.53757477,127.54784403000002,106.6,68323,888,0.8905803561210632,4404,0.0003,-0.083291106,0.12011752277612686,,
68664,15,-59.08925629,127.4821689,107.71,68765,892,0.8506348729133606,4422,0.0003,0.2261548787355423,0.11974303424358368,,
68899,,-59.65979004,,,69000,,0.8251263499259949,,0.0003,0.3697226345539093,0.12051462382078171,313.2,356.97791606803804
69021,15,-59.21906281,126.27210466000002,106.54,69122,896,0.8830240964889526,4461,0.0003,-0.15738979,0.12053131312131882,,
69503,15,-61.28956223,126.5852972,106.7,69604,900,0.8222618699073792,4480,0.0003,-0.068943635,0.1212526336312294,,
69882,15,-60.21554565,126.63758696999999,106.28,69983,904,0.8385457396507263,4496,0.0003,0.47377607226371765,0.12053588777780533,,
69899,,-60.47567749,,,70000,,0.8501681685447693,,0.0003,-0.596825957,0.12069094181060791,279.2,339.5671124143308
70339,15,-63.43451309,127.6751408,106.51,70440,908,0.8339927196502686,4536,0.0003,-0.379132032,0.12042486667633057,,
70758,15,-60.58902359,126.1430891,106.23,70859,912,0.8551889061927795,4553,0.0003,0.001513936,0.12091248482465744,,
70899,,-58.19714737,,,71000,,0.8509237766265869,,0.0003,0.073015645,0.12027322500944138,321.8,307.4186123689127
71180,15,-57.55573273,126.52067767999999,107.3,71281,916,0.8635053634643555,4594,0.0003,-0.474524349,0.1198015809059143,,
71529,15,-62.98030853,125.8806085,107.15,71630,920,0.8625061511993408,4609,0.0003,-0.086146906,0.1192600429058075,,
71899,,-61.1699295,,,72000,,0.8064374923706055,,0.0003,-0.229415506,0.12039894610643387,319.4,373.45797258803793
71936,15,-58.68515778,127.0480595,107.94,72037,924,0.7812157273292542,4649,0.0003,-0.276901513,0.12043773382902145,,
72398,15,-61.44884872,127.25543669000001,108.72,72499,928,0.8544901609420776,4668,0.0003,-0.199045464,0.12059522420167923,,
72886,15,-61.23579025,127.55071336000003,110.25,72987,932,0.8303756713867188,4687,0.0003,0.048122436,0.12062785029411316,,
72899,,-60.95149231,,,73000,,0.8226595520973206,,0.0003,0.1469196379184723,0.1204540953040123,298.4,340.4611445248185
73440,15,-61.11497498,126.0067762,110.83,73541,936,0.8254779577255249,4731,0.0003,0.053078279,0.1194566860795021,,
73849,15,-58.72583008,126.7835198,110.68,73950,940,0.8086111545562744,4748,0.0003,-0.052225791,0.11988852918148041,,
73899,,-59.96286774,,,74000,,0.8271429538726807,,0.0003,0.39806434512138367,0.12071586400270462,299.2,329.0002728135456
74369,15,-63.84128189,128.7826782,111.87,74470,944,0.824368954,4791,0.0003,-0.183983445,0.12119321525096893,,
74695,15,-61.489151,129.0771102,111.58,74796,948,0.8857359290122986,4806,0.0003,0.2925798296928406,0.12086578458547592,,
74899,,-60.64863586,,,75000,,0.8375391960144043,,0.0003,0.8197265267372131,0.12122173607349396,321.2,333.7451022242036
75149,15,-59.19879913,128.66730013999998,111.48,75250,952,0.8036922216415405,4848,0.0003,0.3120196461677551,0.12150990217924118,,
75574,15,-60.28799438,128.17476277999998,111.63,75675,956,0.892446756,4865,0.0003,-0.057425089,0.12108433246612549,,
75899,,-63.39172745,,,76000,,0.7873503565788269,,0.0003,-0.314885557,0.12192642688751221,317.8,332.36742087791936
76143,15,-62.15220642,129.595306,113.05,76244,960,0.8044314980506897,4910,0.0003,0.27347251772880554,0.12259683012962341,,
76541,15,-62.81867599,128.56916224999998,111.57,76642,964,0.8898988962173462,4927,0.0003,-0.099528909,0.1231905147433281,,
76899,,-58.33123016,,,77000,,0.7870978116989136,,0.0003,-0.218828112,0.12317588180303574,254.8,277.46824718313655
77020,15,-56.95690536,128.72721463999997,111.52,77121,968,0.8361681699752808,4966,0.0003,-0.404196501,0.12314018607139587,,
77414,15,-60.22681808,128.55019553000002,110.69,77515,972,0.8057328462600708,4983,0.0003,-0.493467063,0.12337439507246017,,
77848,15,-60.93592834,128.95339371000003,110.9,77949,976,0.8501874804496765,5001,0.0003,-0.277495235,0.12377873808145523,,
77899,,-63.89431381,,,78000,,0.8292359709739685,,0.0003,-0.223132178,0.12365884333848953,305.6,340.0081690617182
78307,15,-62.40665817,128.6850911,110.96,78408,980,0.8584640622138977,5042,0.0003,-0.212633193,0.12256170064210892,,
78624,15,-63.81707001,127.12751721999999,109.46,78725,984,0.7994548082351685,5056,0.0003,0.24464409053325653,0.1227097436785698,,
78899,,-62.34143066,,,79000,,0.8314406871795654,,0.0003,0.6157457232475281,0.12304559350013733,302,353.49235666290696
79020,15,-62.40781021,126.46260771000001,107.98,79121,988,0.8332799673080444,5095,0.0003,-0.525177181,0.1226145476102829,,
79421,15,-64.84797668,126.8262273,107.57,79522,992,0.8506513833999634,5112,0.0003,-0.20885621,0.12419594079256058,,
79898,15,-60.83225632,127.4120559,108.77,79999,996,0.8271716237068176,5131,0.0003,0.16505877673625946,0.12417544424533844,,
79899,,-59.88792419,,,80000,,0.864362359,,0.0003,-0.373381317,0.12418998777866364,288.8,317.46999951457036
80159,15,-58.19881439,124.99530843000002,106.56,80260,1000,0.8009822964668274,5166,0.0003,-0.074022382,0.12471497058868408,,
80560,15,-65.26300049,124.7360814,106.78,80661,1004,0.8445175290107727,5183,0.0003,0.336957186,0.12482640892267227,,
80899,,-63.57472992,,,81000,,0.8431380987167358,,0.0003,-0.70115298,0.12431547045707703,321.4,374.8407458481946
81033,15,-63.91365433,125.0983679,106.94,81134,1008,0.8196331858634949,5225,0.0003,0.5437723994255066,0.12553738057613373,,
81513,15,-62.61174393,126.21110260000002,107.55,81614,1012,0.8357906341552734,5244,0.0003,0.49336570501327515,0.12405560165643692,,
81899,,-61.94113159,,,82000,,0.8206495642662048,,0.0003,-0.474519551,0.12478560954332352,339.4,381.6589208497368
82020,15,-64.60113525,126.83082643000002,108.4,82121,1016,0.8319239020347595,5288,0.0003,0.042204976081848145,0.12399539351463318,,
82455,15,-61.02454376,127.42872921000001,109.26,82556,1020,0.8753653764724731,5306,0.0003,-0.352385879,0.12633128464221954,,
82833,15,-58.91475296,127.16374690999999,108.97,82934,1024,0.8614107966423035,5322,0.0003,-0.506748915,0.12657320499420166,,
82899,,-61.72407532,,,83000,,0.9385918378829956,,0.0003,-0.677991509,0.12676160037517548,290.2,323.5149892837013
83368,15,-62.75359344,127.64060189999998,109.7,83469,1028,0.8323478102684021,5365,0.0003,0.23155240714550018,0.12829230725765228,,
83800,15,-63.55633926,128.70479092999997,109.14,83901,1032,0.8352581858634949,5383,0.0003,0.6976447701454163,0.12689922749996185,,
83899,,-62.18169022,,,84000,,0.8746705055236816,,0.0003,-0.189552829,0.12708154320716858,319.2,372.2874534583774
84332,15,-59.7718277,129.91220026999997,108.92,84433,1036,0.8829940557479858,5427,0.0003,-0.032210514,0.12644794583320618,,
84770,15,-63.06801605,130.9700147,109.21,84871,1040,0.8212329149246216,5445,0.0003,0.17184430360794067,0.12603943049907684,,
84899,,-62.56863022,,,85000,,0.8284434676170349,,0.0003,0.13291996717453003,0.12648621201515198,289.4,321.6524364
85225,15,-63.67888641,129.0913807,108.56,85326,1044,0.8449819684028625,5486,0.0003,-0.081343621,0.12703394889831543,,
85694,15,-64.74968719,130.4613864,109.99,85795,1048,0.8555073142051697,5505,0.0003,0.24911499,0.1286332905292511,,
85899,,-61.95507813,,,86000,,0.8469493389129639,,0.0003,0.12554919719696045,0.12917837500572205,292.6,356.3910599157774
86132,15,-62.64896393,130.71444319999998,109.83,86233,1052,0.8109562993049622,5545,0.0003,-0.333286077,0.12876760959625244,,
86600,15,-64.07998657,131.53042164000001,110.26,86701,1056,0.8372933864593506,5563,0.0003,-0.287164629,0.12609928846359253,,
86899,,-61.79901123,,,87000,,0.8662551045417786,,0.0003,0.086668551,0.12556849420070648,304.2,370.0206929695065
86947,15,-63.26561737,129.33212199000002,108.04,87048,1060,0.8287476301193237,5601,0.0003,-0.181370646,0.12566903233528137,,
87360,15,-62.23889923,129.07971436000003,108.19,87461,1064,0.9680866003036499,5619,0.0003,-0.305040568,0.12565281987190247,,
87803,15,-63.50016403,128.65902915000004,107.83,87904,1068,0.919313908,5637,0.0003,0.7210811376571655,0.12607966363430023,,
87899,,-65.87885284,,,88000,,0.8183810710906982,,0.0003,0.28694233298301697,0.12625278532505035,285.4,343.3433156201136
88294,15,-63.70363998,129.49084247000002,108.8,88395,1072,0.8606449961662292,5678,0.0003,-0.402985483,0.12720318138599396,,
88747,15,-64.55329895,129.2431132,108.99,88848,1076,0.9338927865028381,5696,0.0003,-0.2860367,0.126573384,,
88899,,-61.84584808,,,89000,,0.8178162574768066,,0.0003,0.4213026165962219,0.1263343095779419,267,307.75476173472487
89202,15,-60.4515152,130.6308239,108.95,89303,1080,0.8621759414672852,5735,0.0003,-0.167699009,0.12678995728492737,,
89640,15,-62.39798737,131.1418351,110.16,89741,1084,0.8654949069023132,5753,0.0003,-0.133823067,0.12550441920757294,,
89899,,-61.93981934,,,90000,,0.8419264554977417,,0.0003,-0.053739518,0.12518943846225739,288.2,307.2956632542511
89977,15,-62.36198044,130.85052305000002,109.57,90078,1088,0.9159356355667114,5790,0.0003,-0.120409906,0.12502342462539673,,
90408,15,-63.36036301,131.48302113000003,109.87,90509,1092,0.8610357642173767,5808,0.0003,-0.179288685,0.12634889781475067,,
90723,15,-59.96647644,130.89465672999998,108.25,90824,1096,0.8975476622581482,5822,0.0003,-0.017541856,0.12522321939468384,,
90899,,-63.64225006,,,91000,,0.8365985155105591,,0.0003,-0.442292213,0.12473777681589127,243.8,283.1223706253804
91266,15,-62.93021011,133.89534966999997,111.07,91367,1100,0.8625710606575012,5863,0.0003,0.4322061538696289,0.12484527379274368,,
91780,15,-61.62242126,135.32069660000002,112.2,91881,1104,0.8666319847106934,5883,0.0003,0.090521447,0.12574003636837006,,
91899,,-64.87763977,,,92000,,0.9896634221076965,,0.0003,-0.076855838,0.12596841156482697,288,307.5303620481187
92270,15,-64.12770081,134.7621733,112.37,92371,1108,0.8697150945663452,5924,0.0003,-0.212394521,0.12622396647930145,,
92702,15,-63.78797531,134.1730838,111.89,92803,1112,0.8328157067298889,5942,0.0003,-0.308633745,0.1261846423149109,,
92899,,-61.96082306,,,93000,,0.9602224230766296,,0.0003,-0.392372757,0.12541437149047852,298.2,355.08160961917093
92976,15,-63.025383,132.67074153000004,109.56,93077,1116,0.8217347860336304,5977,0.0003,-0.360144138,0.12561839818954468,,
93357,15,-61.86541367,133.2338287,109.02,93458,1120,0.8419033885002136,5993,0.0003,-0.248292163,0.12601085007190704,,
93844,15,-65.23086548,135.1919452,110.11,93945,1124,0.8424540758132935,6013,0.0003,0.09171509,0.12781159579753876,,
93899,,-62.24766541,,,94000,,0.8183737993240356,,0.0003,0.085278116,0.12770876288414001,286.4,320.04666897623974
94265,15,-64.61023712,134.0323875,108.97,94366,1128,0.8510027527809143,6052,0.0003,-0.131609499,0.12688681483268738,,
94743,15,-62.31493759,134.14131706999999,109.43,94844,1132,0.8490325212478638,6071,0.0003,0.20551657676696777,0.1269441843032837,,
94899,,-61.28314209,,,95000,,0.838778555,,0.0003,-0.229444936,0.12686382234096527,299.8,378.7639688023599
95214,15,-60.94409943,133.6796373,108.82,95315,1136,0.8285434246063232,6112,0.0003,0.23192164301872253,0.12755289673805237,,
95634,15,-63.12287521,132.9512329,108.64,95735,1140,0.8781169056892395,6130,0.0003,0.26740217208862305,0.12729954719543457,,
95899,,-60.40285492,,,96000,,0.8365933299064636,,0.0003,-0.461841166,0.12608051300048828,315.8,384.84588940810136
96149,15,-62.70734787,133.457301,109.24,96250,1144,0.8029488325119019,6173,0.0003,-0.335580617,0.12640760838985443,,
96593,15,-62.09636688,132.96710012999998,108.99,96694,1148,0.8081334233283997,6191,0.0003,-0.091498524,0.12703031301498413,,
96899,,-62.84955597,,,97000,,0.8261884450912476,,0.0003,0.2886815071105957,0.12668296694755554,303.8,392.88595336335345
97166,15,-60.67217636,134.67191160000002,110.34,97267,1152,0.8325199484825134,6236,0.0003,-0.369743258,0.12618747353553772,,
97525,15,-60.96572876,133.4205091,109.25,97626,1156,0.8053892850875854,6252,0.0003,0.7958165407180786,0.12691597640514374,,
97899,,-61.61508942,,,98000,,0.9418235421180725,,0.0003,0.057454392313957214,0.1257794201374054,301.4,348.1375849282631
98014,15,-61.82645798,135.1290304,110.67,98115,1160,0.7757197618484497,6294,0.0003,-0.237848729,0.12560774385929108,,
98322,15,-63.48222733,133.6802818,109.62,98423,1164,0.8524431586265564,6308,0.0003,0.081012323,0.1261887103319168,,
98803,15,-61.46737671,134.1010944,110,98904,1168,0.8485391139984131,6327,0.0003,-0.428422272,0.12641744315624237,,
98899,,-61.93669891,,,99000,,0.8550187945365906,,0.0003,0.36324989795684814,0.12651333212852478,304.4,345.54781928519515
99343,15,-62.94847107,133.6553587,110.49,99444,1172,0.8067288994789124,6371,0.0003,-0.007701769,0.12760232388973236,,
99718,15,-63.45691681,132.534035,109.71,99819,1176,0.9084952473640442,6387,0.0003,0.089361884,0.12686951458454132,,
99899,,-61.24168396,,,100000,,0.8033698201179504,,0.0003,0.040983394,0.12672129273414612,282.6,349.35735689793654
100102,15,-61.33821869,131.49936397000002,109,100203,1180,0.9326760172843933,6425,0.0003,0.7933826446533203,0.12674084305763245,,
100479,15,-63.43817902,131.470826,108.39,100580,1184,0.8460395336151123,6442,0.0003,-0.613114715,0.12664248049259186,,
100882,15,-62.98926544,131.52906635999997,109.05,100983,1188,0.7748492360115051,6458,0.0003,-0.012819409,0.12758997082710266,,
100899,,-64.54706573,,,101000,,0.7718533873558044,,0.0003,0.023393422,0.12740693986415863,296.2,333.76373351471267
101384,15,-61.58566284,131.650503,109.76,101485,1192,0.8003687262535095,6501,0.0003,0.6120879054069519,0.12698931992053986,,
101841,15,-61.65380478,132.0883114,111.18,101942,1196,0.8997374176979065,6520,0.0003,0.22709870338439941,0.12715673446655273,,
101899,,-64.46168518,,,102000,,0.7903648614883423,,0.0003,-0.415857911,0.12702368199825287,265,335.82698194432743
102280,15,-61.27901459,131.6434924,110.14,102381,1200,0.815326452,6558,0.0003,0.23212501406669617,0.12682950496673584,,
102725,15,-61.61433411,131.0142373,109.45,102826,1204,0.805832565,6577,0.0003,0.045863568782806396,0.1271626204252243,,
102899,,-61.81649399,,,103000,,0.78348124,,0.0003,0.22360867261886597,0.1275625079870224,291.8,374.4563263024269
103145,15,-62.16017151,130.425466,108.75,103246,1208,0.8338906764984131,6616,0.0003,0.14339512586593628,0.1274813413619995,,
103452,15,-58.91884995,129.26411096999996,107.5,103553,1212,0.8498870730400085,6630,0.0003,0.2703355550765991,0.12748433649539948,,
103826,15,-63.10039139,129.85105901999998,108.5,103927,1216,0.8340781331062317,6647,0.0003,0.001622764,0.12759146094322205,,
103899,,-63.14176178,,,104000,,0.9205755591392517,,0.0003,0.38979172706604004,0.12726441025733948,269.4,336.4082147406974
104214,15,-61.56253815,129.7519069,108.57,104315,1220,0.8139421343803406,6684,0.0003,-0.316758275,0.12782253324985504,,
104655,15,-59.69138336,129.13384034999999,108.11,104756,1224,0.8296895623207092,6702,0.0003,0.23397120833396912,0.12875400483608246,,
104899,,-61.45700836,,,105000,,0.8184900879859924,,0.0003,-0.13294439,0.12842607498168945,297.2,327.29917635523236
105223,15,-58.99726868,130.8770993,109.58,105324,1228,0.8215179443359375,6746,0.0003,-0.233640134,0.12747551500797272,,
105709,15,-59.57162857,130.69059554999998,109.66,105810,1232,0.8736938834190369,6766,0.0003,0.072993509,0.1276564598083496,,
105899,,-60.73579407,,,106000,,0.7604953050613403,,0.0003,0.2540377974510193,0.12772469222545624,283.8,328.3316866375295
106170,15,-56.12604523,130.8126858,109.56,106271,1236,0.796455443,6806,0.0003,-0.363929987,0.12858322262763977,,
106574,15,-62.76076126,131.45123240000004,109.4,106675,1240,0.8783948421478271,6824,0.0003,-0.005072281,0.12930703163146973,,
106899,,-60.8837738,,,107000,,0.8137896060943604,,0.0003,0.43686699867248535,0.1283787190914154,289.4,316.40332622991264
107091,15,-61.30069351,132.1981193,109.42,107192,1244,0.8431729674339294,6866,0.0003,-0.659232438,0.12791429460048676,,
107579,15,-58.86618805,131.0770074,109.86,107680,1248,0.8140482902526855,6886,0.0003,0.17557033896446228,0.12763966619968414,,
107899,,-58.46111298,,,108000,,0.7880229949951172,,0.0003,-0.134171844,0.12910091876983643,294.4,373.1769498881833
107968,15,-63.03875732,128.7547635,108.02,108069,1252,0.7738587260246277,6924,0.0003,0.008513823,0.12929001450538635,,
108372,15,-59.12509918,128.7536444,108.47,108473,1256,0.8169770836830139,6941,0.0003,0.051020116,0.12929333746433258,,
108710,15,-59.79940796,126.7900349,106.96,108811,1260,0.7845533490180969,6957,0.0003,-0.012813982,0.1284664124250412,,
108899,,-58.59648895,,,109000,,0.8128507733345032,,0.0003,-0.089243591,0.12757658958435059,293.2,409.3982198206439
109176,15,-61.15949249,128.4659403,108.54,109277,1264,0.7844991087913513,6998,0.0003,0.030095800757408142,0.12792423367500305,,
109475,15,-62.40641785,127.1483572,106.72,109576,1268,0.8996182084083557,7011,0.0003,-0.556435823,0.1272650510072708,,
109899,,-59.85361862,,,110000,,0.7765357494354248,,0.0003,0.25251224637031555,0.127509207,331,396.99868387965836
110020,15,-59.48787689,128.393951,106.77,110121,1272,0.835949183,7057,0.0003,-0.300879359,0.12766686081886292,,
110526,15,-65.06599426,130.22824296000002,108.08,110627,1276,0.8216774463653564,7077,0.0003,-0.427789688,0.12680207192897797,,
110899,,-61.02937317,,,111000,,0.7999932765960693,,0.0003,-0.038822308,0.1261334866285324,283.6,338.4569242036756
110963,15,-62.37821579,131.062468,108.61,111064,1280,0.7993435859680176,7117,0.0003,-0.520161092,0.12603525817394257,,
111254,15,-59.76430511,130.11118494000002,107.75,111355,1284,0.8584659099578857,7130,0.0003,0.1399422436952591,0.12498706579208374,,
111587,15,-60.98773193,130.368343,107.05,111688,1288,0.7964195609092712,7145,0.0003,0.2645980417728424,0.1271175742149353,,
111899,,-63.47439575,,,112000,,0.7474747896194458,,0.0003,0.13394425809383392,0.1264934539794922,310,356.9686365
112036,15,-63.88533401,130.77523816000001,106.52,112137,1292,0.7865044474601746,7187,0.0003,0.6505946516990662,0.12646476924419403,,
112380,15,-61.62604141,130.5056288,105.39,112481,1296,0.7985751628875732,7202,0.0003,0.2944677472114563,0.12712249159812927,,
112872,15,-58.45384598,130.586346,105.92,112973,1300,0.8197793960571289,7222,0.0003,-0.149993479,0.12734945118427277,,
112899,,-59.88043976,,,113000,,0.8592269420623779,,0.0003,0.5255526304244995,0.12739795446395874,313.8,346.1860789887447
113314,15,-61.82850647,130.49241836000002,105.89,113415,1304,0.7521926164627075,7263,0.0003,-0.360194117,0.12767691910266876,,
113736,15,-58.9578476,131.2605677,105.91,113837,1308,0.7522657513618469,7281,0.0003,-0.31953159,0.12818798422813416,,
113899,,-60.88485718,,,114000,,0.7145178914070129,,0.0003,0.001873046,0.12749813497066498,293.8,344.6495427481808
114026,15,-62.4600029,131.9133774,105.74,114127,1312,0.8041358590126038,7317,0.0003,-0.028934881,0.12690481543540955,,
114415,15,-59.85130692,132.554811,105.89,114516,1316,0.7779026627540588,7333,0.0003,0.086188562,0.12616881728172302,,
114878,15,-60.63325119,133.8701557,106.64,114979,1320,0.8061973452568054,7352,0.0003,0.24555820226669312,0.12549510598182678,,
114899,,-61.20509338,,,115000,,0.8029209971427917,,0.0003,-0.102095082,0.1253969371318817,310.8,337.6737269994934
115373,15,-62.18320465,133.7270889,107.18,115474,1324,0.7435718774795532,7395,0.0003,-0.275312185,0.12601761519908905,,
115645,15,-56.55690765,131.303666,104.22,115746,1328,0.7535823583602905,7408,0.0003,0.18174046277999878,0.12592919170856476,,
115899,,-59.96651077,,,116000,,0.7987422943115234,,0.0003,-0.013248056,0.12555432319641113,301.6,367.9537832560112
115983,15,-59.85387802,130.767168,102.74,116084,1332,0.8150267004966736,7446,0.0003,0.024632900953292847,0.1256512850522995,,
116400,15,-61.47344208,130.87484260000002,102.3,116501,1336,0.8608638644218445,7463,0.0003,0.24919502437114716,0.1250050663948059,,
116701,15,-60.34185791,129.3975545,101.27,116802,1340,0.8352048993110657,7478,0.0003,0.18033626675605774,0.12551526725292206,,
116899,,-62.67762756,,,117000,,0.796065629,,0.0003,0.41750454902648926,0.12533795833587646,291,347.8344021169818
117045,15,-58.39323425,128.3411796,99.54,117146,1344,0.8366298079490662,7515,0.0003,0.1877371370792389,0.12529617547988892,,
117444,15,-62.58274078,129.479775,98.65,117545,1348,0.8730814456939697,7532,0.0003,-0.006107002,0.12752452492713928,,
117848,15,-62.00512314,130.59646204999999,98.8,117949,1352,0.8105441331863403,7549,0.0003,-0.025581058,0.12722338736057281,,
117899,,-61.79328156,,,118000,,0.8081634640693665,,0.0003,-0.349865198,0.12687848508358002,294.4,362.31711791063134
118178,15,-59.11325073,131.80767353999997,98.06,118279,1356,0.8084836006164551,7586,0.0003,0.12871649861335754,0.1269155889749527,,
118585,15,-58.93244934,133.120853,98.75,118686,1360,0.8333171606063843,7603,0.0003,0.12727010250091553,0.12633955478668213,,
118899,,-58.5360527,,,119000,,0.7693492770195007,,0.0003,0.044478588,0.12536175549030304,316.2,382.72623548965566
119166,15,-62.12514114,133.92946206999997,99.9,119267,1364,0.7978729605674744,7649,0.0003,0.1413659155368805,0.12628309428691864,,
119469,15,-62.43916321,133.2200821,99.94,119570,1368,0.7581793665885925,7663,0.0003,-0.64024806,0.12576119601726532,,
119899,,-61.42788315,,,120000,,0.801748514,,0.0003,-0.513984799,0.12590016424655914,281,327.67635522674175
120012,15,-58.06209564,133.1692522,99.92,120113,1372,0.7785457968711853,7706,0.0003,-0.057065308,0.12559238076210022,,
120500,15,-62.3337822,131.8662221,99.74,120601,1376,0.8246069550514221,7726,0.0003,-0.129043579,0.12490693479776382,,
120899,,-60.72632217,,,121000,,0.7624192237854004,,0.0003,-0.450050831,0.12431416660547256,273.4,343.3237283318114
121020,15,-61.98617554,132.13258426000002,100.57,121121,1380,0.913929284,7768,0.0003,-0.042834491,0.12473025172948837,,
121338,15,-62.17674637,132.5673413,100.84,121439,1384,0.81723845,7782,0.0003,0.33326640725135803,0.12437141686677933,,
121813,15,-63.90931702,132.7063822,102.26,121914,1388,0.7866515517234802,7802,0.0003,0.095076159,0.1253105103969574,,
121899,,-58.97280502,,,122000,,0.8521217107772827,,0.0003,0.35700029134750366,0.12434469908475876,291.6,334.9282920565405
122287,15,-62.81502914,132.92190404000002,102.51,122388,1392,0.8154941201210022,7843,0.0003,0.04059238,0.12580008804798126,,
122632,15,-63.04730225,132.48278326999997,102.52,122733,1396,0.7824416160583496,7858,0.0003,0.11690962314605713,0.1265474110841751,,
122899,,-62.29434586,,,123000,,0.8017438054084778,,0.0003,-0.106792614,0.1263875514268875,288.8,302.19849086453326
123059,15,-58.47319794,131.841901,101.87,123160,1400,0.7696882486343384,7897,0.0003,0.3932863473892212,0.12656331062316895,,
123455,15,-63.63648987,131.90837449999998,101.41,123556,1404,0.8075622916221619,7914,0.0003,0.29402604699134827,0.1250390112400055,,
123899,,-62.21018982,,,124000,,0.783598781,,0.0003,-0.006530814,0.12594681978225708,296.6,353.65496587149465
124021,15,-62.63062668,132.45281699999998,102.85,124122,1408,0.8015148639678955,7958,0.0003,0.24920599162578583,0.12593531608581543,,
124376,15,-59.69633484,132.49371523999997,103.5,124477,1412,0.8523354530334473,7974,0.0003,0.011779934167861938,0.12566019594669342,,
124859,15,-55.41994476,132.10821083000002,104.44,124960,1416,0.7901277542114258,7993,0.0003,-0.069013953,0.12505291402339935,,
124899,,-61.20341873,,,125000,,0.78192085,,0.0003,0.096968591,0.12569576501846313,289.8,342.38051172718406
125356,15,-60.69043732,132.7101604,104.78,125457,1420,0.8472142219543457,8035,0.0003,-0.329344183,0.1269226372241974,,
125762,15,-62.41706467,132.6015592,103.89,125863,1424,0.8222039937973022,8052,0.0003,-0.139232934,0.12686346471309662,,
125899,,-60.68022919,,,126000,,0.83177942,,0.0003,-0.184092328,0.12684056162834167,285,343.51537037334566
126185,15,-59.854702,132.8296993,105.4,126286,1428,0.8162161707878113,8091,0.0003,0.1500539779663086,0.12596918642520905,,
126688,15,-62.16441727,133.7517754,107.05,126789,1432,0.8383225798606873,8111,0.0003,-0.199006498,0.1256328672170639,,
126899,,-59.53617096,,,127000,,0.7788894176483154,,0.0003,0.049504451,0.12654340267181396,279.8,348.98953601773246
127175,15,-60.27119064,134.434986,107.75,127276,1436,0.7685579657554626,8151,0.0003,-0.170790344,0.1271551251411438,,
127715,15,-62.53016281,136.1908006,110.14,127816,1440,0.7945472002029419,8172,0.0003,0.19720688462257385,0.12719479203224182,,
127899,,-61.44706345,,,128000,,0.7347477078437805,,0.0003,0.049576163,0.12816575169563293,304.2,380.81994453127265
128072,15,-62.42360687,134.991626,110.27,128173,1444,0.7996119260787964,8210,0.0003,-0.242950559,0.12750421464443207,,
128408,15,-61.9673996,133.4963389,109.64,128509,1448,0.8146088123321533,8225,0.0003,-0.046700001,0.12822097539901733,,
128899,,-60.35982895,,,129000,,0.838013768,,0.0003,0.4619424343109131,0.12795251607894897,272.8,347.5588554790578
129020,15,-62.21752167,133.9027172,111.72,129121,1452,0.7983641624450684,8269,0.0003,-0.353594601,0.12851741909980774,,
129459,15,-60.25984192,134.3597333,112.81,129560,1456,0.8338624835014343,8287,0.0003,-0.387234449,0.12847889959812164,,
129874,15,-61.72499466,133.26472596000002,112.89,129975,1460,0.804020882,8305,0.0003,0.3561176657676697,0.12767554819583893,,
129899,,-61.06493378,,,130000,,0.8200517296791077,,0.0003,-0.275675178,0.12779733538627625,270.4,336.09087906367057
130296,15,-63.04264069,132.64344308000003,111.3,130397,1464,0.7896869778633118,8343,0.0003,-0.292387277,0.12801970541477203,,
130762,15,-57.14377213,134.2188601,112.93,130863,1468,0.7958512902259827,8362,0.0003,-0.429130822,0.1275978535413742,,
130899,,-59.46092606,,,131000,,0.7600119113922119,,0.0003,-0.294520825,0.12777601182460785,371,478.21675096191245
131199,15,-60.27262497,133.24734762999998,111.87,131300,1472,0.7976862192153931,8406,0.0003,-0.13279894,0.12860774993896484,,
131707,15,-62.5117569,135.12559009999998,112.07,131808,1476,0.7674068808555603,8426,0.0003,-0.186790839,0.12787355482578278,,
131899,,-57.45549393,,,132000,,0.7649336457252502,,0.0003,-0.2154686,0.1268485188484192,298,340.9704769560332
132148,15,-59.5293541,133.6857014,111.28,132249,1480,0.8180981278419495,8466,0.0003,0.4432491958141327,0.12684425711631775,,
132602,15,-61.81780243,134.8052007,112.64,132703,1484,0.7273098230361938,8484,0.0003,-0.248405606,0.12687069177627563,,
132876,15,-60.02019119,133.68723269999998,110.63,132977,1488,0.7900233864784241,8497,0.0003,-0.036051773,0.12743985652923584,,
132899,,-62.85095978,,,133000,,0.7783792614936829,,0.0003,0.20259347558021545,0.12732431292533875,308.2,332.47724966912136
133301,15,-59.65939331,132.6467743,110.14,133402,1492,0.749407172,8538,0.0003,-0.021227166,0.12719473242759705,,
133728,15,-57.87683105,134.0736101,110.96,133829,1496,0.8172913789749146,8555,0.0003,-0.313181758,0.127083883,,
133899,,-61.73124695,,,134000,,0.8082531690597534,,0.0003,-0.690942287,0.12639203667640686,271.6,330.1672809301352
134179,15,-59.72460175,134.8579285,111.2,134280,1500,0.8101412057876587,8594,0.0003,0.016436316072940826,0.126593217,,
134634,15,-57.21759796,135.686764,111.79,134735,1504,0.7406368255615234,8613,0.0003,0.45513930916786194,0.12694603204727173,,
134899,,-60.29414368,,,135000,,0.7466226816177368,,0.0003,-0.08533527,0.12632061541080475,275,340.20978757358023
135113,15,-59.39292145,135.37957627000003,110.92,135214,1508,0.728266716,8653,0.0003,0.14860489964485168,0.1258152723312378,,
135637,15,-59.95728683,136.40787144000004,112.61,135738,1512,0.7763656377792358,8674,0.0003,0.17783430218696594,0.12576691806316376,,
135899,,-63.21081924,,,136000,,0.8563244342803955,,0.0003,0.052227068692445755,0.1258585900068283,282.6,314.3484832260925
136090,15,-61.71063232,136.9366069,112.31,136191,1516,0.8100032806396484,8714,0.0003,-0.238643408,0.1264430731534958,,
136592,15,-62.67303467,136.3486297,112.36,136693,1520,0.7639706134796143,8734,0.0003,-0.27139163,0.12653306126594543,,
136899,,-54.5405159,,,137000,,0.8136963248252869,,0.0003,-0.001063202,0.12708939611911774,289,373.7555113927294
137069,15,-58.44786453,136.0293466,113.07,137170,1524,0.8637891411781311,8774,0.0003,-0.524111748,0.1277817040681839,,
137530,15,-58.78578568,137.64777008000002,113.45,137631,1528,0.7929918169975281,8793,0.0003,0.22157026827335358,0.12744541466236115,,
137899,,-62.47609711,,,138000,,0.8021482229232788,,0.0003,0.22848822176456451,0.1274925172328949,279.6,363.58429538897326
138020,15,-63.46408081,137.49087483999998,113.32,138121,1532,0.8920438885688782,8834,0.0003,-0.464789093,0.12820684909820557,,
138576,15,-63.42936707,137.25723643999999,114.01,138677,1536,0.7870275378227234,8855,0.0003,-0.208410665,0.12780004739761353,,
138899,,-61.00022125,,,139000,,0.7539882063865662,,0.0003,-0.172349408,0.1271180957555771,306.8,370.8766646335054
139026,15,-60.92660141,137.5317946,113.11,139127,1540,0.7954737544059753,8896,0.0003,0.1852828562259674,0.12675340473651886,,
139336,15,-61.99085236,138.25141932999998,112.64,139437,1544,0.832053006,8911,0.0003,0.079575121,0.12743954360485077,,
139795,15,-59.6140976,140.8296682,113.87,139896,1548,0.7888364195823669,8929,0.0003,0.2935696244239807,0.12623189389705658,,
139899,,-63.1171875,,,140000,,0.7796580195426941,,0.0003,0.11908449232578278,0.1257711499929428,294,362.54293063928054
140207,15,-61.4175148,139.5406604,111.87,140308,1552,0.8481361865997314,8969,0.0003,-0.305168182,0.12624597549438477,,
140620,15,-59.14368439,138.4136239,111.61,140721,1556,0.7938402891159058,8986,0.0003,0.2002144753932953,0.12638764083385468,,
140899,,-62.69772339,,,141000,,0.7914401292800903,,0.0003,0.3768683671951294,0.12657245993614197,496.2,661.4114858407535
141125,15,-61.45678711,140.1425386,112.51,141226,1560,0.8029989004135132,9038,0.0003,-0.150543928,0.12758035957813263,,
141595,15,-61.38239288,139.74632363000003,112.99,141696,1564,0.8010048866271973,9057,0.0003,0.38525697588920593,0.1279318630695343,,
141899,,-63.81798935,,,142000,,0.7921363115310669,,0.0003,0.11250579357147217,0.12793807685375214,280,320.1993372111516
142061,15,-61.38439178,140.94886264999997,112.99,142162,1568,0.8309984803199768,9097,0.0003,-0.002603263,0.12769058346748352,,
142472,15,-61.63386154,140.6645241,112.73,142573,1572,0.822206438,9114,0.0003,-0.333497733,0.127513587,,
142899,,-61.56383514,,,143000,,0.7347740530967712,,0.0003,-0.330518305,0.1284932792186737,354,411.8533243091122
142983,15,-57.7598381,140.3022312,112.76,143084,1576,0.8212746977806091,9159,0.0003,0.63494873,0.12786273658275604,,
143431,15,-62.15286255,141.3598425,112.83,143532,1580,0.8573259115219116,9178,0.0003,0.17976313829421997,0.1275513768196106,,
143872,15,-63.19012833,141.76323014000002,112.7,143973,1584,0.7936069369316101,9196,0.0003,0.29271677136421204,0.12663191556930542,,
143899,,-63.1550293,,,144000,,0.7701929807662964,,0.0003,0.108255535,0.1267137974500656,295,353.9018557860465
144367,15,-61.0650177,143.737223,114.91,144468,1588,0.7948822975158691,9237,0.0003,-0.286261827,0.12671785056591034,,
144750,15,-60.36948013,143.5821534,114.49,144851,1592,0.7739378213882446,9254,0.0003,-0.20778279,0.12652720510959625,,
144899,,-57.3727951,,,145000,,0.8190582394599915,,0.0003,0.4209378957748413,0.12648847699165344,302.4,361.5543843511514
145343,15,-60.48419952,145.3651485,116.15,145444,1596,0.7587785720825195,9298,0.0003,-0.292504966,0.12796160578727722,,
145771,15,-60.0811615,145.46264978000002,115.92,145872,1600,0.8586439490318298,9316,0.0003,0.33158016204833984,0.12727907299995422,,
145899,,-63.65254211,,,146000,,0.8364565968513489,,0.0003,-0.254946828,0.12726101279258728,308,344.5318545213071
146235,15,-61.83007813,145.196404,116.01,146336,1604,0.922465444,9358,0.0003,0.4792670011520386,0.12768954038619995,,
146588,15,-61.22797775,144.58462588999998,114.75,146689,1608,0.8934181928634644,9373,0.0003,0.29350265860557556,0.1277708262205124,,
146899,,-59.89517975,,,147000,,0.825525165,,0.0003,-0.234897241,0.12847790122032166,280.6,368.8175097986961
147025,15,-61.71870041,145.0355989,113.88,147126,1612,0.7834605574607849,9412,0.0003,0.017760582268238068,0.1278657466173172,,
147317,15,-58.49029541,144.27929060999998,112.27,147418,1616,0.7767869234085083,9426,0.0003,-0.508890092,0.12722009420394897,,
147711,15,-59.76093674,143.3975058,111.19,147812,1620,0.8203402161598206,9442,0.0003,-0.44277668,0.12755988538265228,,
147899,,-63.73003387,,,148000,,0.8024395108222961,,0.0003,-0.425224394,0.128151998,287.2,371.06993491895116
148272,15,-62.16898346,145.2328733,112.03,148373,1624,0.8738657832145691,9486,0.0003,0.4907960891723633,0.12685535848140717,,
148639,15,-61.15857697,144.01538621999995,111.09,148740,1628,0.8232241868972778,9501,0.0003,-0.264642566,0.1276169866323471,,
148899,,-61.23619843,,,149000,,0.8489448428153992,,0.0003,0.030394785,0.12851114571094513,329.4,460.6260167369925
149071,15,-61.80131149,145.12484915999997,110.51,149172,1632,0.8661830425262451,9543,0.0003,-0.619609118,0.1296422928571701,,
149616,15,-61.64624786,145.5330226,110.4,149717,1636,0.9418803453445435,9564,0.0003,0.003538713,0.12876452505588531,,
149899,,-65.15725708,,,150000,,0.8312095403671265,,0.0003,-0.001698684,0.12824274599552155,302.6,392.48357011728876
